[
{
  "model": "dashboard.userdashboardmodule",
  "pk": 1,
  "fields": {
    "title": "Quick links",
    "module": "jet.dashboard.modules.LinkList",
    "app_label": null,
    "user": 1,
    "column": 0,
    "order": 0,
    "settings": "{\"draggable\": false, \"deletable\": false, \"collapsible\": false, \"layout\": \"inline\"}",
    "children": "[{\"title\": \"Return to site\", \"url\": \"/\"}, {\"title\": \"Change password\", \"url\": \"/admin/password_change/\"}, {\"title\": \"Log out\", \"url\": \"/admin/logout/\"}]",
    "collapsed": false
  }
},
{
  "model": "dashboard.userdashboardmodule",
  "pk": 2,
  "fields": {
    "title": "Applications",
    "module": "jet.dashboard.modules.AppList",
    "app_label": null,
    "user": 1,
    "column": 1,
    "order": 0,
    "settings": "{\"models\": null, \"exclude\": [\"auth.*\"]}",
    "children": "",
    "collapsed": false
  }
},
{
  "model": "dashboard.userdashboardmodule",
  "pk": 3,
  "fields": {
    "title": "Administration",
    "module": "jet.dashboard.modules.AppList",
    "app_label": null,
    "user": 1,
    "column": 2,
    "order": 0,
    "settings": "{\"models\": [\"auth.*\"], \"exclude\": null}",
    "children": "",
    "collapsed": false
  }
},
{
  "model": "dashboard.userdashboardmodule",
  "pk": 5,
  "fields": {
    "title": "Latest Django News",
    "module": "jet.dashboard.modules.Feed",
    "app_label": null,
    "user": 1,
    "column": 1,
    "order": 1,
    "settings": "{\"feed_url\": \"http://www.djangoproject.com/rss/weblog/\", \"limit\": 5}",
    "children": "",
    "collapsed": false
  }
},
{
  "model": "dashboard.userdashboardmodule",
  "pk": 6,
  "fields": {
    "title": "Support",
    "module": "jet.dashboard.modules.LinkList",
    "app_label": null,
    "user": 1,
    "column": 2,
    "order": 1,
    "settings": "{\"draggable\": true, \"deletable\": true, \"collapsible\": true, \"layout\": \"stacked\"}",
    "children": "[{\"title\": \"Django documentation\", \"url\": \"http://docs.djangoproject.com/\", \"external\": true}, {\"title\": \"Django \\\"django-users\\\" mailing list\", \"url\": \"http://groups.google.com/group/django-users\", \"external\": true}, {\"title\": \"Django irc channel\", \"url\": \"irc://irc.freenode.net/django\", \"external\": true}]",
    "collapsed": false
  }
},
{
  "model": "dashboard.userdashboardmodule",
  "pk": 7,
  "fields": {
    "title": "Application models",
    "module": "jet.dashboard.modules.ModelList",
    "app_label": "account",
    "user": 1,
    "column": 0,
    "order": 0,
    "settings": "{\"models\": [\"account.*\"], \"exclude\": null}",
    "children": "",
    "collapsed": false
  }
},
{
  "model": "dashboard.userdashboardmodule",
  "pk": 8,
  "fields": {
    "title": "Recent Actions",
    "module": "jet.dashboard.modules.RecentActions",
    "app_label": "account",
    "user": 1,
    "column": 1,
    "order": 0,
    "settings": "{\"limit\": 10, \"include_list\": [\"account.*\"], \"exclude_list\": null, \"user\": null}",
    "children": "",
    "collapsed": false
  }
},
{
  "model": "dashboard.userdashboardmodule",
  "pk": 9,
  "fields": {
    "title": "Application models",
    "module": "jet.dashboard.modules.ModelList",
    "app_label": "users",
    "user": 1,
    "column": 0,
    "order": 0,
    "settings": "{\"models\": [\"users.*\"], \"exclude\": null}",
    "children": "",
    "collapsed": false
  }
},
{
  "model": "dashboard.userdashboardmodule",
  "pk": 10,
  "fields": {
    "title": "Recent Actions",
    "module": "jet.dashboard.modules.RecentActions",
    "app_label": "users",
    "user": 1,
    "column": 1,
    "order": 0,
    "settings": "{\"limit\": 10, \"include_list\": [\"users.*\"], \"exclude_list\": null, \"user\": null}",
    "children": "",
    "collapsed": false
  }
},
{
  "model": "dashboard.userdashboardmodule",
  "pk": 11,
  "fields": {
    "title": "Application models",
    "module": "jet.dashboard.modules.ModelList",
    "app_label": "app",
    "user": 1,
    "column": 0,
    "order": 0,
    "settings": "{\"models\": [\"app.*\"], \"exclude\": null}",
    "children": "",
    "collapsed": false
  }
},
{
  "model": "dashboard.userdashboardmodule",
  "pk": 12,
  "fields": {
    "title": "Recent Actions",
    "module": "jet.dashboard.modules.RecentActions",
    "app_label": "app",
    "user": 1,
    "column": 1,
    "order": 0,
    "settings": "{\"limit\": 10, \"include_list\": [\"app.*\"], \"exclude_list\": null, \"user\": null}",
    "children": "",
    "collapsed": false
  }
},
{
  "model": "dashboard.userdashboardmodule",
  "pk": 13,
  "fields": {
    "title": "Application models",
    "module": "jet.dashboard.modules.ModelList",
    "app_label": "coupon",
    "user": 1,
    "column": 0,
    "order": 0,
    "settings": "{\"models\": [\"coupon.*\"], \"exclude\": null}",
    "children": "",
    "collapsed": false
  }
},
{
  "model": "dashboard.userdashboardmodule",
  "pk": 14,
  "fields": {
    "title": "Recent Actions",
    "module": "jet.dashboard.modules.RecentActions",
    "app_label": "coupon",
    "user": 1,
    "column": 1,
    "order": 0,
    "settings": "{\"limit\": 10, \"include_list\": [\"coupon.*\"], \"exclude_list\": null, \"user\": null}",
    "children": "",
    "collapsed": false
  }
},
{
  "model": "admin.logentry",
  "pk": 1,
  "fields": {
    "action_time": "2022-10-18T05:05:09.272Z",
    "user": 1,
    "content_type": 10,
    "object_id": "22",
    "object_repr": "Adidas CORE SNEAKERS ULTIMASHOW",
    "action_flag": 2,
    "change_message": "[{\"changed\": {\"fields\": [\"Image\"]}}]"
  }
},
{
  "model": "admin.logentry",
  "pk": 2,
  "fields": {
    "action_time": "2022-10-18T08:55:03.777Z",
    "user": 1,
    "content_type": 10,
    "object_id": "22",
    "object_repr": "Adidas CORE SNEAKERS ULTIMASHOW",
    "action_flag": 2,
    "change_message": "[{\"changed\": {\"fields\": [\"Image\"]}}]"
  }
},
{
  "model": "admin.logentry",
  "pk": 3,
  "fields": {
    "action_time": "2022-10-18T08:55:57.760Z",
    "user": 1,
    "content_type": 10,
    "object_id": "22",
    "object_repr": "Adidas CORE SNEAKERS ULTIMASHOW",
    "action_flag": 2,
    "change_message": "[{\"changed\": {\"fields\": [\"Image\"]}}]"
  }
},
{
  "model": "admin.logentry",
  "pk": 4,
  "fields": {
    "action_time": "2022-10-18T08:58:57.071Z",
    "user": 1,
    "content_type": 10,
    "object_id": "22",
    "object_repr": "Adidas CORE SNEAKERS ULTIMASHOW",
    "action_flag": 2,
    "change_message": "[{\"changed\": {\"fields\": [\"Image\"]}}]"
  }
},
{
  "model": "admin.logentry",
  "pk": 5,
  "fields": {
    "action_time": "2022-10-18T09:10:15.910Z",
    "user": 1,
    "content_type": 10,
    "object_id": "22",
    "object_repr": "Adidas CORE SNEAKERS ULTIMASHOW",
    "action_flag": 2,
    "change_message": "[{\"changed\": {\"fields\": [\"Image\"]}}]"
  }
},
{
  "model": "admin.logentry",
  "pk": 6,
  "fields": {
    "action_time": "2022-10-18T19:03:36.672Z",
    "user": 1,
    "content_type": 10,
    "object_id": "22",
    "object_repr": "Adidas CORE SNEAKERS ULTIMASHOW",
    "action_flag": 2,
    "change_message": "[]"
  }
},
{
  "model": "admin.logentry",
  "pk": 7,
  "fields": {
    "action_time": "2022-10-18T19:04:22.053Z",
    "user": 1,
    "content_type": 10,
    "object_id": "22",
    "object_repr": "Adidas CORE SNEAKERS ULTIMASHOW",
    "action_flag": 2,
    "change_message": "[{\"changed\": {\"fields\": [\"Image\"]}}]"
  }
},
{
  "model": "admin.logentry",
  "pk": 8,
  "fields": {
    "action_time": "2022-10-18T19:06:49.488Z",
    "user": 1,
    "content_type": 10,
    "object_id": "22",
    "object_repr": "Adidas CORE SNEAKERS ULTIMASHOW",
    "action_flag": 2,
    "change_message": "[{\"changed\": {\"fields\": [\"Image\"]}}]"
  }
},
{
  "model": "admin.logentry",
  "pk": 9,
  "fields": {
    "action_time": "2022-10-18T19:09:58.315Z",
    "user": 1,
    "content_type": 15,
    "object_id": "1",
    "object_repr": "SUMMER",
    "action_flag": 2,
    "change_message": "[{\"changed\": {\"fields\": [\"Valid to\"]}}]"
  }
},
{
  "model": "admin.logentry",
  "pk": 10,
  "fields": {
    "action_time": "2022-10-18T19:11:38.780Z",
    "user": 1,
    "content_type": 15,
    "object_id": "2",
    "object_repr": "CODING",
    "action_flag": 1,
    "change_message": "[{\"added\": {}}]"
  }
},
{
  "model": "admin.logentry",
  "pk": 11,
  "fields": {
    "action_time": "2022-10-18T19:21:05.783Z",
    "user": 1,
    "content_type": 15,
    "object_id": "2",
    "object_repr": "CODING",
    "action_flag": 2,
    "change_message": "[{\"changed\": {\"fields\": [\"Valid from\"]}}]"
  }
},
{
  "model": "admin.logentry",
  "pk": 12,
  "fields": {
    "action_time": "2022-10-18T20:35:52.912Z",
    "user": 1,
    "content_type": 14,
    "object_id": "2",
    "object_repr": "cf.udemgba@stu.unizik.edu.ng",
    "action_flag": 3,
    "change_message": ""
  }
},
{
  "model": "admin.logentry",
  "pk": 13,
  "fields": {
    "action_time": "2022-10-19T20:00:21.348Z",
    "user": 1,
    "content_type": 10,
    "object_id": "22",
    "object_repr": "Adidas CORE SNEAKERS ULTIMASHOW",
    "action_flag": 3,
    "change_message": ""
  }
},
{
  "model": "admin.logentry",
  "pk": 14,
  "fields": {
    "action_time": "2022-10-19T20:37:55.352Z",
    "user": 1,
    "content_type": 14,
    "object_id": "6",
    "object_repr": "ferdinandchidera49@gmail.co",
    "action_flag": 3,
    "change_message": ""
  }
},
{
  "model": "admin.logentry",
  "pk": 15,
  "fields": {
    "action_time": "2022-10-19T22:04:33.133Z",
    "user": 1,
    "content_type": 10,
    "object_id": "23",
    "object_repr": "Adidas CORE SNEAKERS ULTIMASHOW",
    "action_flag": 1,
    "change_message": "[{\"added\": {}}]"
  }
},
{
  "model": "admin.logentry",
  "pk": 16,
  "fields": {
    "action_time": "2022-10-20T12:20:36.611Z",
    "user": 1,
    "content_type": 10,
    "object_id": "23",
    "object_repr": "Adidas CORE SNEAKERS ULTIMASHOW",
    "action_flag": 3,
    "change_message": ""
  }
},
{
  "model": "admin.logentry",
  "pk": 17,
  "fields": {
    "action_time": "2022-10-21T16:33:23.253Z",
    "user": 1,
    "content_type": 10,
    "object_id": "24",
    "object_repr": "Adidas CORE SNEAKERS ULTIMASHOW",
    "action_flag": 1,
    "change_message": "[{\"added\": {}}]"
  }
},
{
  "model": "admin.logentry",
  "pk": 18,
  "fields": {
    "action_time": "2022-10-21T16:34:21.804Z",
    "user": 1,
    "content_type": 10,
    "object_id": "16",
    "object_repr": "58mm Wireless Mini Portable Thermal Printer",
    "action_flag": 2,
    "change_message": "[{\"changed\": {\"fields\": [\"Image\"]}}]"
  }
},
{
  "model": "admin.logentry",
  "pk": 19,
  "fields": {
    "action_time": "2022-10-21T16:35:45.168Z",
    "user": 1,
    "content_type": 10,
    "object_id": "10",
    "object_repr": "Apple iPhone 13 Pro Max - 256GB ROM - 6GB RAM - 5g - Graphite",
    "action_flag": 2,
    "change_message": "[{\"changed\": {\"fields\": [\"Image\"]}}]"
  }
},
{
  "model": "admin.logentry",
  "pk": 20,
  "fields": {
    "action_time": "2022-10-21T16:36:42.355Z",
    "user": 1,
    "content_type": 10,
    "object_id": "5",
    "object_repr": "Blue Long sleeve shirt",
    "action_flag": 2,
    "change_message": "[{\"changed\": {\"fields\": [\"Image\"]}}]"
  }
},
{
  "model": "admin.logentry",
  "pk": 21,
  "fields": {
    "action_time": "2022-10-21T16:37:22.347Z",
    "user": 1,
    "content_type": 10,
    "object_id": "11",
    "object_repr": "Boy's Luca Sneaker",
    "action_flag": 2,
    "change_message": "[{\"changed\": {\"fields\": [\"Image\"]}}]"
  }
},
{
  "model": "admin.logentry",
  "pk": 22,
  "fields": {
    "action_time": "2022-10-21T16:38:06.247Z",
    "user": 1,
    "content_type": 10,
    "object_id": "15",
    "object_repr": "Canon Pixma TS3440 AIO Wireless Printer Print, Scan & Copy - Black",
    "action_flag": 2,
    "change_message": "[{\"changed\": {\"fields\": [\"Image\"]}}]"
  }
},
{
  "model": "admin.logentry",
  "pk": 23,
  "fields": {
    "action_time": "2022-10-21T16:38:43.867Z",
    "user": 1,
    "content_type": 10,
    "object_id": "21",
    "object_repr": "Danami Black Bold & Beautiful Hoodie- Dark Grey",
    "action_flag": 2,
    "change_message": "[{\"changed\": {\"fields\": [\"Image\"]}}]"
  }
},
{
  "model": "admin.logentry",
  "pk": 24,
  "fields": {
    "action_time": "2022-10-21T16:41:21.572Z",
    "user": 1,
    "content_type": 10,
    "object_id": "3",
    "object_repr": "Dell Inspiron 15 3000 Series (3501) 8GB/256GB SSD Core i5-1135G7 11th Gen W10",
    "action_flag": 2,
    "change_message": "[{\"changed\": {\"fields\": [\"Image\"]}}]"
  }
},
{
  "model": "admin.logentry",
  "pk": 25,
  "fields": {
    "action_time": "2022-10-21T16:42:17.783Z",
    "user": 1,
    "content_type": 10,
    "object_id": "17",
    "object_repr": "French fries",
    "action_flag": 2,
    "change_message": "[{\"changed\": {\"fields\": [\"Image\"]}}]"
  }
},
{
  "model": "admin.logentry",
  "pk": 26,
  "fields": {
    "action_time": "2022-10-21T16:43:15.234Z",
    "user": 1,
    "content_type": 10,
    "object_id": "1",
    "object_repr": "HP Laptop 15 - Intel Core I3 - 1TB Hard Drive - 8GB RAM - Touchscreen - 10th Gen - Freedos",
    "action_flag": 2,
    "change_message": "[{\"changed\": {\"fields\": [\"Image\"]}}]"
  }
},
{
  "model": "admin.logentry",
  "pk": 27,
  "fields": {
    "action_time": "2022-10-21T16:43:57.824Z",
    "user": 1,
    "content_type": 10,
    "object_id": "4",
    "object_repr": "HP Laptop 15 - Intel Pentium- 1TB Hard Drive - 8GB RAM - Windows 10 - 10th Gen-Silver",
    "action_flag": 2,
    "change_message": "[{\"changed\": {\"fields\": [\"Image\"]}}]"
  }
},
{
  "model": "admin.logentry",
  "pk": 28,
  "fields": {
    "action_time": "2022-10-21T16:44:47.694Z",
    "user": 1,
    "content_type": 10,
    "object_id": "20",
    "object_repr": "Hp Notebook 14 - INTEL CORE I5 - 16GB RAM -1TB HDD - Windows 10 PRO +Free Mouse",
    "action_flag": 2,
    "change_message": "[{\"changed\": {\"fields\": [\"Image\"]}}]"
  }
},
{
  "model": "admin.logentry",
  "pk": 29,
  "fields": {
    "action_time": "2022-10-21T16:45:31.931Z",
    "user": 1,
    "content_type": 10,
    "object_id": "2",
    "object_repr": "HP Stream 11 Laptop - Intel Celeron - 32GB HDD - 4GB RAM - Windows 10",
    "action_flag": 2,
    "change_message": "[{\"changed\": {\"fields\": [\"Image\"]}}]"
  }
},
{
  "model": "admin.logentry",
  "pk": 30,
  "fields": {
    "action_time": "2022-10-21T16:46:37.993Z",
    "user": 1,
    "content_type": 10,
    "object_id": "8",
    "object_repr": "Infinix Hot 12 Play - 6.82\" - 64GB ROM - 4GB RAM - Dual SIM - 4G LTE - Fingerprint - 6000mAh - Green",
    "action_flag": 2,
    "change_message": "[{\"changed\": {\"fields\": [\"Image\"]}}]"
  }
},
{
  "model": "admin.logentry",
  "pk": 31,
  "fields": {
    "action_time": "2022-10-21T16:47:15.652Z",
    "user": 1,
    "content_type": 10,
    "object_id": "13",
    "object_repr": "Men Fashion Boots Pointed Leather Formal Business Soft Gold",
    "action_flag": 2,
    "change_message": "[{\"changed\": {\"fields\": [\"Image\"]}}]"
  }
},
{
  "model": "admin.logentry",
  "pk": 32,
  "fields": {
    "action_time": "2022-10-21T16:47:54.334Z",
    "user": 1,
    "content_type": 10,
    "object_id": "18",
    "object_repr": "Men's Large Size Business Casual Formal Shoes- Black/ Blue",
    "action_flag": 2,
    "change_message": "[{\"changed\": {\"fields\": [\"Image\"]}}]"
  }
},
{
  "model": "admin.logentry",
  "pk": 33,
  "fields": {
    "action_time": "2022-10-21T16:48:32.011Z",
    "user": 1,
    "content_type": 10,
    "object_id": "12",
    "object_repr": "Men's Loafers Dress Shoes-White/Black",
    "action_flag": 2,
    "change_message": "[{\"changed\": {\"fields\": [\"Image\"]}}]"
  }
},
{
  "model": "admin.logentry",
  "pk": 34,
  "fields": {
    "action_time": "2022-10-21T16:49:09.981Z",
    "user": 1,
    "content_type": 10,
    "object_id": "7",
    "object_repr": "Men's Stripe Design Long Sleeve Shirt",
    "action_flag": 2,
    "change_message": "[{\"changed\": {\"fields\": [\"Image\"]}}]"
  }
},
{
  "model": "admin.logentry",
  "pk": 35,
  "fields": {
    "action_time": "2022-10-21T16:49:44.088Z",
    "user": 1,
    "content_type": 10,
    "object_id": "6",
    "object_repr": "Men's Yellow Hoodie",
    "action_flag": 2,
    "change_message": "[{\"changed\": {\"fields\": [\"Image\"]}}]"
  }
},
{
  "model": "admin.logentry",
  "pk": 36,
  "fields": {
    "action_time": "2022-10-21T16:50:29.210Z",
    "user": 1,
    "content_type": 10,
    "object_id": "14",
    "object_repr": "TECLAST T40PRO Tablet - 8GB + 128GB - 7000 MAh Battery 18W PD - 10.4 Inches",
    "action_flag": 2,
    "change_message": "[{\"changed\": {\"fields\": [\"Image\"]}}]"
  }
},
{
  "model": "admin.logentry",
  "pk": 37,
  "fields": {
    "action_time": "2022-10-21T16:51:06.695Z",
    "user": 1,
    "content_type": 10,
    "object_id": "19",
    "object_repr": "Telenet Latest 4G LTE SuperFast Mobile WiFi For All Networks",
    "action_flag": 2,
    "change_message": "[{\"changed\": {\"fields\": [\"Image\"]}}]"
  }
},
{
  "model": "admin.logentry",
  "pk": 38,
  "fields": {
    "action_time": "2022-10-21T16:51:40.662Z",
    "user": 1,
    "content_type": 10,
    "object_id": "9",
    "object_repr": "Xiaomi Redmi 10 - 6.5\" - 64GB ROM - 4GB RAM - 50MP - Dual Sim - 4G LTE - 5000mAh - Fingerprint - Blue",
    "action_flag": 2,
    "change_message": "[{\"changed\": {\"fields\": [\"Image\"]}}]"
  }
},
{
  "model": "admin.logentry",
  "pk": 39,
  "fields": {
    "action_time": "2022-10-21T17:06:52.887Z",
    "user": 1,
    "content_type": 9,
    "object_id": "2",
    "object_repr": "Clothing",
    "action_flag": 2,
    "change_message": "[{\"changed\": {\"fields\": [\"Image\"]}}]"
  }
},
{
  "model": "admin.logentry",
  "pk": 40,
  "fields": {
    "action_time": "2022-10-21T17:07:34.120Z",
    "user": 1,
    "content_type": 9,
    "object_id": "5",
    "object_repr": "Home made Dishes",
    "action_flag": 2,
    "change_message": "[{\"changed\": {\"fields\": [\"Image\"]}}]"
  }
},
{
  "model": "admin.logentry",
  "pk": 41,
  "fields": {
    "action_time": "2022-10-21T17:08:10.037Z",
    "user": 1,
    "content_type": 9,
    "object_id": "1",
    "object_repr": "Computing",
    "action_flag": 2,
    "change_message": "[{\"changed\": {\"fields\": [\"Image\"]}}]"
  }
},
{
  "model": "admin.logentry",
  "pk": 42,
  "fields": {
    "action_time": "2022-10-21T17:08:51.657Z",
    "user": 1,
    "content_type": 9,
    "object_id": "3",
    "object_repr": "Shoes",
    "action_flag": 2,
    "change_message": "[{\"changed\": {\"fields\": [\"Image\"]}}]"
  }
},
{
  "model": "admin.logentry",
  "pk": 43,
  "fields": {
    "action_time": "2022-10-21T17:09:24.369Z",
    "user": 1,
    "content_type": 9,
    "object_id": "4",
    "object_repr": "Phones & Tablets",
    "action_flag": 2,
    "change_message": "[{\"changed\": {\"fields\": [\"Image\"]}}]"
  }
},
{
  "model": "admin.logentry",
  "pk": 44,
  "fields": {
    "action_time": "2022-10-21T21:02:06.220Z",
    "user": 1,
    "content_type": 12,
    "object_id": "6",
    "object_repr": "ferdinandchidera49@gmail.com",
    "action_flag": 2,
    "change_message": "[{\"deleted\": {\"name\": \"customer order\", \"object\": \"None\"}}]"
  }
},
{
  "model": "admin.logentry",
  "pk": 45,
  "fields": {
    "action_time": "2022-10-21T21:02:21.682Z",
    "user": 1,
    "content_type": 12,
    "object_id": "3",
    "object_repr": "ferdmediagroups@gmail.com",
    "action_flag": 2,
    "change_message": "[{\"deleted\": {\"name\": \"customer order\", \"object\": \"None\"}}]"
  }
},
{
  "model": "admin.logentry",
  "pk": 46,
  "fields": {
    "action_time": "2022-11-08T12:27:59.399Z",
    "user": 1,
    "content_type": 11,
    "object_id": "20",
    "object_repr": "geofreyeze3@g",
    "action_flag": 3,
    "change_message": ""
  }
},
{
  "model": "admin.logentry",
  "pk": 47,
  "fields": {
    "action_time": "2022-11-08T12:27:59.405Z",
    "user": 1,
    "content_type": 11,
    "object_id": "19",
    "object_repr": "",
    "action_flag": 3,
    "change_message": ""
  }
},
{
  "model": "auth.permission",
  "pk": 1,
  "fields": {
    "name": "Can add user dashboard module",
    "content_type": 1,
    "codename": "add_userdashboardmodule"
  }
},
{
  "model": "auth.permission",
  "pk": 2,
  "fields": {
    "name": "Can change user dashboard module",
    "content_type": 1,
    "codename": "change_userdashboardmodule"
  }
},
{
  "model": "auth.permission",
  "pk": 3,
  "fields": {
    "name": "Can delete user dashboard module",
    "content_type": 1,
    "codename": "delete_userdashboardmodule"
  }
},
{
  "model": "auth.permission",
  "pk": 4,
  "fields": {
    "name": "Can view user dashboard module",
    "content_type": 1,
    "codename": "view_userdashboardmodule"
  }
},
{
  "model": "auth.permission",
  "pk": 5,
  "fields": {
    "name": "Can add bookmark",
    "content_type": 2,
    "codename": "add_bookmark"
  }
},
{
  "model": "auth.permission",
  "pk": 6,
  "fields": {
    "name": "Can change bookmark",
    "content_type": 2,
    "codename": "change_bookmark"
  }
},
{
  "model": "auth.permission",
  "pk": 7,
  "fields": {
    "name": "Can delete bookmark",
    "content_type": 2,
    "codename": "delete_bookmark"
  }
},
{
  "model": "auth.permission",
  "pk": 8,
  "fields": {
    "name": "Can view bookmark",
    "content_type": 2,
    "codename": "view_bookmark"
  }
},
{
  "model": "auth.permission",
  "pk": 9,
  "fields": {
    "name": "Can add pinned application",
    "content_type": 3,
    "codename": "add_pinnedapplication"
  }
},
{
  "model": "auth.permission",
  "pk": 10,
  "fields": {
    "name": "Can change pinned application",
    "content_type": 3,
    "codename": "change_pinnedapplication"
  }
},
{
  "model": "auth.permission",
  "pk": 11,
  "fields": {
    "name": "Can delete pinned application",
    "content_type": 3,
    "codename": "delete_pinnedapplication"
  }
},
{
  "model": "auth.permission",
  "pk": 12,
  "fields": {
    "name": "Can view pinned application",
    "content_type": 3,
    "codename": "view_pinnedapplication"
  }
},
{
  "model": "auth.permission",
  "pk": 13,
  "fields": {
    "name": "Can add log entry",
    "content_type": 4,
    "codename": "add_logentry"
  }
},
{
  "model": "auth.permission",
  "pk": 14,
  "fields": {
    "name": "Can change log entry",
    "content_type": 4,
    "codename": "change_logentry"
  }
},
{
  "model": "auth.permission",
  "pk": 15,
  "fields": {
    "name": "Can delete log entry",
    "content_type": 4,
    "codename": "delete_logentry"
  }
},
{
  "model": "auth.permission",
  "pk": 16,
  "fields": {
    "name": "Can view log entry",
    "content_type": 4,
    "codename": "view_logentry"
  }
},
{
  "model": "auth.permission",
  "pk": 17,
  "fields": {
    "name": "Can add permission",
    "content_type": 5,
    "codename": "add_permission"
  }
},
{
  "model": "auth.permission",
  "pk": 18,
  "fields": {
    "name": "Can change permission",
    "content_type": 5,
    "codename": "change_permission"
  }
},
{
  "model": "auth.permission",
  "pk": 19,
  "fields": {
    "name": "Can delete permission",
    "content_type": 5,
    "codename": "delete_permission"
  }
},
{
  "model": "auth.permission",
  "pk": 20,
  "fields": {
    "name": "Can view permission",
    "content_type": 5,
    "codename": "view_permission"
  }
},
{
  "model": "auth.permission",
  "pk": 21,
  "fields": {
    "name": "Can add group",
    "content_type": 6,
    "codename": "add_group"
  }
},
{
  "model": "auth.permission",
  "pk": 22,
  "fields": {
    "name": "Can change group",
    "content_type": 6,
    "codename": "change_group"
  }
},
{
  "model": "auth.permission",
  "pk": 23,
  "fields": {
    "name": "Can delete group",
    "content_type": 6,
    "codename": "delete_group"
  }
},
{
  "model": "auth.permission",
  "pk": 24,
  "fields": {
    "name": "Can view group",
    "content_type": 6,
    "codename": "view_group"
  }
},
{
  "model": "auth.permission",
  "pk": 25,
  "fields": {
    "name": "Can add content type",
    "content_type": 7,
    "codename": "add_contenttype"
  }
},
{
  "model": "auth.permission",
  "pk": 26,
  "fields": {
    "name": "Can change content type",
    "content_type": 7,
    "codename": "change_contenttype"
  }
},
{
  "model": "auth.permission",
  "pk": 27,
  "fields": {
    "name": "Can delete content type",
    "content_type": 7,
    "codename": "delete_contenttype"
  }
},
{
  "model": "auth.permission",
  "pk": 28,
  "fields": {
    "name": "Can view content type",
    "content_type": 7,
    "codename": "view_contenttype"
  }
},
{
  "model": "auth.permission",
  "pk": 29,
  "fields": {
    "name": "Can add session",
    "content_type": 8,
    "codename": "add_session"
  }
},
{
  "model": "auth.permission",
  "pk": 30,
  "fields": {
    "name": "Can change session",
    "content_type": 8,
    "codename": "change_session"
  }
},
{
  "model": "auth.permission",
  "pk": 31,
  "fields": {
    "name": "Can delete session",
    "content_type": 8,
    "codename": "delete_session"
  }
},
{
  "model": "auth.permission",
  "pk": 32,
  "fields": {
    "name": "Can view session",
    "content_type": 8,
    "codename": "view_session"
  }
},
{
  "model": "auth.permission",
  "pk": 33,
  "fields": {
    "name": "Can add category",
    "content_type": 9,
    "codename": "add_category"
  }
},
{
  "model": "auth.permission",
  "pk": 34,
  "fields": {
    "name": "Can change category",
    "content_type": 9,
    "codename": "change_category"
  }
},
{
  "model": "auth.permission",
  "pk": 35,
  "fields": {
    "name": "Can delete category",
    "content_type": 9,
    "codename": "delete_category"
  }
},
{
  "model": "auth.permission",
  "pk": 36,
  "fields": {
    "name": "Can view category",
    "content_type": 9,
    "codename": "view_category"
  }
},
{
  "model": "auth.permission",
  "pk": 37,
  "fields": {
    "name": "Can add product",
    "content_type": 10,
    "codename": "add_product"
  }
},
{
  "model": "auth.permission",
  "pk": 38,
  "fields": {
    "name": "Can change product",
    "content_type": 10,
    "codename": "change_product"
  }
},
{
  "model": "auth.permission",
  "pk": 39,
  "fields": {
    "name": "Can delete product",
    "content_type": 10,
    "codename": "delete_product"
  }
},
{
  "model": "auth.permission",
  "pk": 40,
  "fields": {
    "name": "Can view product",
    "content_type": 10,
    "codename": "view_product"
  }
},
{
  "model": "auth.permission",
  "pk": 41,
  "fields": {
    "name": "Can add newsletter",
    "content_type": 11,
    "codename": "add_newsletter"
  }
},
{
  "model": "auth.permission",
  "pk": 42,
  "fields": {
    "name": "Can change newsletter",
    "content_type": 11,
    "codename": "change_newsletter"
  }
},
{
  "model": "auth.permission",
  "pk": 43,
  "fields": {
    "name": "Can delete newsletter",
    "content_type": 11,
    "codename": "delete_newsletter"
  }
},
{
  "model": "auth.permission",
  "pk": 44,
  "fields": {
    "name": "Can view newsletter",
    "content_type": 11,
    "codename": "view_newsletter"
  }
},
{
  "model": "auth.permission",
  "pk": 45,
  "fields": {
    "name": "Can add customer",
    "content_type": 12,
    "codename": "add_customer"
  }
},
{
  "model": "auth.permission",
  "pk": 46,
  "fields": {
    "name": "Can change customer",
    "content_type": 12,
    "codename": "change_customer"
  }
},
{
  "model": "auth.permission",
  "pk": 47,
  "fields": {
    "name": "Can delete customer",
    "content_type": 12,
    "codename": "delete_customer"
  }
},
{
  "model": "auth.permission",
  "pk": 48,
  "fields": {
    "name": "Can view customer",
    "content_type": 12,
    "codename": "view_customer"
  }
},
{
  "model": "auth.permission",
  "pk": 49,
  "fields": {
    "name": "Can add customer order",
    "content_type": 13,
    "codename": "add_customerorder"
  }
},
{
  "model": "auth.permission",
  "pk": 50,
  "fields": {
    "name": "Can change customer order",
    "content_type": 13,
    "codename": "change_customerorder"
  }
},
{
  "model": "auth.permission",
  "pk": 51,
  "fields": {
    "name": "Can delete customer order",
    "content_type": 13,
    "codename": "delete_customerorder"
  }
},
{
  "model": "auth.permission",
  "pk": 52,
  "fields": {
    "name": "Can view customer order",
    "content_type": 13,
    "codename": "view_customerorder"
  }
},
{
  "model": "auth.permission",
  "pk": 53,
  "fields": {
    "name": "Can add user",
    "content_type": 14,
    "codename": "add_customuser"
  }
},
{
  "model": "auth.permission",
  "pk": 54,
  "fields": {
    "name": "Can change user",
    "content_type": 14,
    "codename": "change_customuser"
  }
},
{
  "model": "auth.permission",
  "pk": 55,
  "fields": {
    "name": "Can delete user",
    "content_type": 14,
    "codename": "delete_customuser"
  }
},
{
  "model": "auth.permission",
  "pk": 56,
  "fields": {
    "name": "Can view user",
    "content_type": 14,
    "codename": "view_customuser"
  }
},
{
  "model": "auth.permission",
  "pk": 57,
  "fields": {
    "name": "Can add coupon",
    "content_type": 15,
    "codename": "add_coupon"
  }
},
{
  "model": "auth.permission",
  "pk": 58,
  "fields": {
    "name": "Can change coupon",
    "content_type": 15,
    "codename": "change_coupon"
  }
},
{
  "model": "auth.permission",
  "pk": 59,
  "fields": {
    "name": "Can delete coupon",
    "content_type": 15,
    "codename": "delete_coupon"
  }
},
{
  "model": "auth.permission",
  "pk": 60,
  "fields": {
    "name": "Can view coupon",
    "content_type": 15,
    "codename": "view_coupon"
  }
},
{
  "model": "contenttypes.contenttype",
  "pk": 1,
  "fields": {
    "app_label": "dashboard",
    "model": "userdashboardmodule"
  }
},
{
  "model": "contenttypes.contenttype",
  "pk": 2,
  "fields": {
    "app_label": "jet",
    "model": "bookmark"
  }
},
{
  "model": "contenttypes.contenttype",
  "pk": 3,
  "fields": {
    "app_label": "jet",
    "model": "pinnedapplication"
  }
},
{
  "model": "contenttypes.contenttype",
  "pk": 4,
  "fields": {
    "app_label": "admin",
    "model": "logentry"
  }
},
{
  "model": "contenttypes.contenttype",
  "pk": 5,
  "fields": {
    "app_label": "auth",
    "model": "permission"
  }
},
{
  "model": "contenttypes.contenttype",
  "pk": 6,
  "fields": {
    "app_label": "auth",
    "model": "group"
  }
},
{
  "model": "contenttypes.contenttype",
  "pk": 7,
  "fields": {
    "app_label": "contenttypes",
    "model": "contenttype"
  }
},
{
  "model": "contenttypes.contenttype",
  "pk": 8,
  "fields": {
    "app_label": "sessions",
    "model": "session"
  }
},
{
  "model": "contenttypes.contenttype",
  "pk": 9,
  "fields": {
    "app_label": "app",
    "model": "category"
  }
},
{
  "model": "contenttypes.contenttype",
  "pk": 10,
  "fields": {
    "app_label": "app",
    "model": "product"
  }
},
{
  "model": "contenttypes.contenttype",
  "pk": 11,
  "fields": {
    "app_label": "app",
    "model": "newsletter"
  }
},
{
  "model": "contenttypes.contenttype",
  "pk": 12,
  "fields": {
    "app_label": "account",
    "model": "customer"
  }
},
{
  "model": "contenttypes.contenttype",
  "pk": 13,
  "fields": {
    "app_label": "account",
    "model": "customerorder"
  }
},
{
  "model": "contenttypes.contenttype",
  "pk": 14,
  "fields": {
    "app_label": "users",
    "model": "customuser"
  }
},
{
  "model": "contenttypes.contenttype",
  "pk": 15,
  "fields": {
    "app_label": "coupon",
    "model": "coupon"
  }
},
{
  "model": "sessions.session",
  "pk": "02j3z9sg25680ywkzpfomy2xxtmqkrky",
  "fields": {
    "session_data": "eyJjYXJ0Ijp7fX0:1p6qln:7oVIN1LdZDolDNeVY0trZbpQSGm_EjNp9ujVXcWblJs",
    "expire_date": "2023-01-01T10:19:47.909Z"
  }
},
{
  "model": "sessions.session",
  "pk": "09rdoodt76cml7rn09e9vfbcowrfl5l8",
  "fields": {
    "session_data": "eyJjYXJ0Ijp7fX0:1p6quA:35ttpCSu8ilbRWzW2xcCD8U3u-uYml5OcBhr0kogT08",
    "expire_date": "2023-01-01T10:28:26.483Z"
  }
},
{
  "model": "sessions.session",
  "pk": "0eivu5xiqr6hetlvc9owqhrx11euq5on",
  "fields": {
    "session_data": ".eJxVjMEOgyAQRP9lz4awAgU89t5vMLBsqm2DreKhMf57S-LFyxzmvZkNKMwFug3Q1PysIZexfKHDBt7zSAwdWC-kgn1voA9rGfp14bkfUyVw6mKgJ-cK0iPk-yRoymUeo6iKOOgiblPi1_VwTwdDWIb_OhhvNNnWGC1ttKi8IlaM6BIarTA4khy9cowWSaGVWl-sZmwluVZ52H_eKkN2:1olYbB:dqdgRYWH2tjJUyCBgPjKd4BbBD_eeCsUHpIl0kKL29U",
    "expire_date": "2022-11-03T16:40:49.647Z"
  }
},
{
  "model": "sessions.session",
  "pk": "0gsonsxgbnh5paihsokgesgshx6hwfaa",
  "fields": {
    "session_data": "eyJjYXJ0Ijp7fX0:1oksDv:7rlCgnHLsgUgqcxEXxVNLKBeGmc-ZbN5HAcOWRVRRaI",
    "expire_date": "2022-11-01T19:25:59.740Z"
  }
},
{
  "model": "sessions.session",
  "pk": "0l62zrqrbvr2kcmgzjvwv566a9i66i2c",
  "fields": {
    "session_data": "eyJjYXJ0Ijp7fX0:1p6qkY:V0ZUxlY-7_vGtL17xwFgsUvU5nCsRooZjNRJgucgNQc",
    "expire_date": "2023-01-01T10:18:30.633Z"
  }
},
{
  "model": "sessions.session",
  "pk": "0qpr98dulzqzoncovjyvsrig3vbz1n8y",
  "fields": {
    "session_data": "eyJjYXJ0Ijp7fX0:1olGbH:x68lrZdodGgAU5-1mkD5ew9r-F0YEyFOrY4JRy_QCxc",
    "expire_date": "2022-11-02T21:27:43.397Z"
  }
},
{
  "model": "sessions.session",
  "pk": "0wu00kpe5db6fnmnlpgfexebbfzwalmf",
  "fields": {
    "session_data": "eyJjYXJ0Ijp7fX0:1okknq:MvlvqSl-2efmXWUjN503I9rHQnzvejal0Fi7YJ2DhyQ",
    "expire_date": "2022-11-01T11:30:34.564Z"
  }
},
{
  "model": "sessions.session",
  "pk": "16fdbtpenbl3ydvogqpi782w1dook92r",
  "fields": {
    "session_data": "eyJjYXJ0Ijp7fX0:1oXVmm:Y31dUy3KDBpbaqFxIWD0X_kjOGLzG3WWR5V0KOAqb38",
    "expire_date": "2022-09-25T22:50:44.919Z"
  }
},
{
  "model": "sessions.session",
  "pk": "1ar5h7imuduxh1ve0f0bqvx73854o71p",
  "fields": {
    "session_data": "eyJjYXJ0Ijp7fX0:1p6r5s:4fy24tR_qmsSaz6DEilG9RyO0NXPNaqvAa3fCqKxgM8",
    "expire_date": "2023-01-01T10:40:32.739Z"
  }
},
{
  "model": "sessions.session",
  "pk": "1lkgt4wkimgpp9c46qcq2yc1r8p4m06c",
  "fields": {
    "session_data": "eyJjYXJ0Ijp7fX0:1olHbT:Xw2w60zTSxaQbtubKGGfdSiOJqetQIeCVEoFYnu-EGo",
    "expire_date": "2022-11-02T22:31:59.561Z"
  }
},
{
  "model": "sessions.session",
  "pk": "1tnbofe16ydi5nwyxj7yig98iciznhbt",
  "fields": {
    "session_data": "eyJjYXJ0Ijp7fX0:1p6qhS:y70IA5sfVTFAtjS3vqahqUrCgsKh-bF1QnxvXzeJez4",
    "expire_date": "2023-01-01T10:15:18.890Z"
  }
},
{
  "model": "sessions.session",
  "pk": "1zpgqxp54xs0hzxxg3p2bo5n4qmr3shu",
  "fields": {
    "session_data": "eyJjYXJ0Ijp7fX0:1p6r4y:1iBg32bv5-W2GxzTObDzI80OVoUWEcK5JZy3vjhG7zQ",
    "expire_date": "2023-01-01T10:39:36.384Z"
  }
},
{
  "model": "sessions.session",
  "pk": "201wo41es97d3s2l2flqoarfonx6f5de",
  "fields": {
    "session_data": "eyJjYXJ0Ijp7fX0:1olmt2:z51Ox8HdMZ1xUKDu6O7Qdiowhhf63IxUy9KRTBKK-C0",
    "expire_date": "2022-11-04T07:56:12.743Z"
  }
},
{
  "model": "sessions.session",
  "pk": "25y3su9i4ln1nbq96x4l0p2mda1dx6ab",
  "fields": {
    "session_data": "eyJjYXJ0Ijp7fX0:1orTXu:p04P0ga5aE1iUYUl3GPXeO7jKLNki7AvNSkHmN_WpCs",
    "expire_date": "2022-11-20T00:29:54.315Z"
  }
},
{
  "model": "sessions.session",
  "pk": "2krbk08h9gk9zbsm2msxfj46j4tcpzyh",
  "fields": {
    "session_data": "eyJjYXJ0Ijp7fX0:1olF5D:hpd6OIJB08oAR_W15yjszsWmnO7Us8lzpZWw8E-NVks",
    "expire_date": "2022-11-02T19:50:31.161Z"
  }
},
{
  "model": "sessions.session",
  "pk": "2t105ti6qi7cju4fnfq5g8bw2qhtj2k9",
  "fields": {
    "session_data": "eyJjYXJ0Ijp7fX0:1osrRp:3x8DzicciC1vpO3EehzsD8KJy2fpGPtNHnVQrj0GPzg",
    "expire_date": "2022-11-23T20:13:21.701Z"
  }
},
{
  "model": "sessions.session",
  "pk": "321sjuze7ft7732nfxqjo0wj0wbiq1yb",
  "fields": {
    "session_data": ".eJxVjDsOgzAQRO-ydWT5A_GaMj1nQLv2EpNEIBmoEHcPSDQ0U8x7MxtEKgs02_6AjtYld-sspRsSNGDg1jHFr4wnSB8a35OK07iUgdWpqIvOqp2S_F6XezvINOdjzbWO3luL-ghxGANx5Xp2NXnPBi1WxmkJvXuamqsUgtXBekTHEpIg7H__cToR:1okaMY:W5I00PgIeuHujV9x2spSN5TXCvxp5CfiNB3Z7N2VZ3o",
    "expire_date": "2022-11-01T00:21:42.123Z"
  }
},
{
  "model": "sessions.session",
  "pk": "388pis41x9uqtea8nvz443tnar9u9te4",
  "fields": {
    "session_data": "eyJjYXJ0Ijp7fX0:1olGaq:4HaKrDAIlwRL1AIar3BbJdvjI5JZlNp3k6qEiyt9KEw",
    "expire_date": "2022-11-02T21:27:16.174Z"
  }
},
{
  "model": "sessions.session",
  "pk": "3oqhlnkeysob849157o5b5b1e9ncfp1n",
  "fields": {
    "session_data": "eyJjYXJ0Ijp7fX0:1olIWo:FCkqjsKQUWmF8SYvrnNVpmNDlcDgfi62BU_UFRwj87U",
    "expire_date": "2022-11-02T23:31:14.378Z"
  }
},
{
  "model": "sessions.session",
  "pk": "3yawp0719k7ci6gtj3d83sohl5tsp5fw",
  "fields": {
    "session_data": ".eJxVjDsOgzAQRO-ydWT5A_GaMj1nQLv2EpNEIBmoEHcPSDQ0U8x7MxtEKgs02_6AjtYld-sspRsSNGDg1jHFr4wnSB8a35OK07iUgdWpqIvOqp2S_F6XezvINOdjzbWO3luL-ghxGANx5Xp2NXnPBi1WxmkJvXuamqsUgtXBekTHEpIg7H__cToR:1okaF3:C_ONcAAd6CEWGW2lalrZ0EXtdLJ52_RPe0jV1cPX3Eo",
    "expire_date": "2022-11-01T00:13:57.039Z"
  }
},
{
  "model": "sessions.session",
  "pk": "44o9ojxmajwuwpiew7s1ommke35dvcwj",
  "fields": {
    "session_data": "eyJjYXJ0Ijp7fX0:1oqbJw:COaOvHgxYjT0D4qlaIKw3Z9mNyAOEvXKGoIhtk0GKS0",
    "expire_date": "2022-11-17T14:35:52.497Z"
  }
},
{
  "model": "sessions.session",
  "pk": "454w4611dw29sitqha1bawdejcyu5q6r",
  "fields": {
    "session_data": "eyJjYXJ0Ijp7fX0:1oneyy:J8q1rplil6upgWoUMwlFfDc80DFirrHWcx1s5tC3nt8",
    "expire_date": "2022-11-09T11:54:04.040Z"
  }
},
{
  "model": "sessions.session",
  "pk": "480f75jjq4q0zys5cshlh2vr3qnkxb27",
  "fields": {
    "session_data": "eyJjYXJ0Ijp7IjEiOnsicXVhbnRpdHkiOjEsInByaWNlIjoiMTk5Ljg1In19fQ:1ol6jO:ja-c7liYvDZLf87uCrQzWMg2tn-lEh_EGkyg5EeTBzs",
    "expire_date": "2022-11-02T10:55:26.922Z"
  }
},
{
  "model": "sessions.session",
  "pk": "4sejh5ob1k5e61dklkdtpqtrhbg1y32v",
  "fields": {
    "session_data": "eyJjYXJ0Ijp7fX0:1orTZy:iEkj1T-9mY0HOYcGETSFyNL-ktQZFKd6q3rUZzxHQfk",
    "expire_date": "2022-11-20T00:32:02.901Z"
  }
},
{
  "model": "sessions.session",
  "pk": "4tppbq2658gke67cqg260v79sm6kgt32",
  "fields": {
    "session_data": "eyJjYXJ0Ijp7fX0:1p6qlz:K-s8TTOpusq4FDoy8mBmtguaZWCLMlXtK4DjsGpj7ZQ",
    "expire_date": "2023-01-01T10:19:59.133Z"
  }
},
{
  "model": "sessions.session",
  "pk": "4yogdk6fsqjspny5tqm42hs1uow6m24e",
  "fields": {
    "session_data": "eyJjYXJ0Ijp7fX0:1p6qwI:jO6r0fpUcjikpU4yfvIDvjIArNp016QK3TBZEeE9vns",
    "expire_date": "2023-01-01T10:30:38.508Z"
  }
},
{
  "model": "sessions.session",
  "pk": "54jj2n4bmm6bdxu1kc76ipzgwbklxekh",
  "fields": {
    "session_data": "eyJjYXJ0Ijp7fX0:1olJ2C:sTm9o1JZFVuCSB4fz3ZCovAlIKsRPHrViAEqLYzrc9M",
    "expire_date": "2022-11-03T00:03:40.327Z"
  }
},
{
  "model": "sessions.session",
  "pk": "577o3e4zcgt8u4uutes32fpbzdnrwrjv",
  "fields": {
    "session_data": "eyJjYXJ0Ijp7fX0:1onING:_dt4AK5pjePQInSs2wy_Kt4REL8Z6X-Vz6Yes7cMw1Y",
    "expire_date": "2022-11-08T11:45:38.957Z"
  }
},
{
  "model": "sessions.session",
  "pk": "58d9syyky0uhq7knzs39qnsr870ujh6c",
  "fields": {
    "session_data": "eyJjYXJ0Ijp7fX0:1oqHCK:amFgTc8xd5Ulw9FyB2c7lgurw0WDecgeHgKNPelRGdE",
    "expire_date": "2022-11-16T17:06:40.085Z"
  }
},
{
  "model": "sessions.session",
  "pk": "5nks3o2d5rq4xuupziulz93z4wwgkio0",
  "fields": {
    "session_data": "eyJjYXJ0Ijp7fX0:1opFYq:o_z2DgqHc3aKD-2bVe4gsGEOsAPjsUb4LvLuxK5yozI",
    "expire_date": "2022-11-13T21:09:40.391Z"
  }
},
{
  "model": "sessions.session",
  "pk": "5orfshit1hitwnm6xqpvjp7rz55ooz3s",
  "fields": {
    "session_data": "eyJjYXJ0Ijp7fX0:1olDyA:kgHmg613n3fS4VwsiKyWcJ1PVXUQJR9FDIQLTvlXcuI",
    "expire_date": "2022-11-02T18:39:10.501Z"
  }
},
{
  "model": "sessions.session",
  "pk": "5wwok7kyknf0wyhf1mfboxhxll8wos35",
  "fields": {
    "session_data": "eyJjYXJ0Ijp7fX0:1p6r1c:y0WfaLdnArd8V_NlLsUOXg7ObQQpb9TRT8aerxyXTdI",
    "expire_date": "2023-01-01T10:36:08.686Z"
  }
},
{
  "model": "sessions.session",
  "pk": "60n24dtr8nfvhfuc7r0jo6voyt4kvn7g",
  "fields": {
    "session_data": "eyJjYXJ0Ijp7fX0:1ojr2T:e5tLOU3u1Zjt0tSfau8N96_tGbkRmndRbLwk8f9lSiI",
    "expire_date": "2022-10-29T23:57:57.553Z"
  }
},
{
  "model": "sessions.session",
  "pk": "65lg7u9jem6cajk32fisafuibgemboq8",
  "fields": {
    "session_data": "eyJjYXJ0Ijp7fX0:1olGbE:60VOaPzRES720CB6U7hxXfo6K3kLawe--IaMGKwVLVI",
    "expire_date": "2022-11-02T21:27:40.549Z"
  }
},
{
  "model": "sessions.session",
  "pk": "6bfaee6g8oqckbtjeiy2d678jg8f42jt",
  "fields": {
    "session_data": "eyJjYXJ0Ijp7fX0:1olGax:b9Zc2njDf0sSj_XrpwNk0imfDS5O5LEQQgrroc7t9XA",
    "expire_date": "2022-11-02T21:27:23.021Z"
  }
},
{
  "model": "sessions.session",
  "pk": "6j1jqcykk4qapw4obey7hkxkv5hfq46r",
  "fields": {
    "session_data": "eyJjYXJ0Ijp7fX0:1olH3S:rBD2njIk3AHIbNAmmSqueIgO3AMDxSMegVnE-KWiYow",
    "expire_date": "2022-11-02T21:56:50.808Z"
  }
},
{
  "model": "sessions.session",
  "pk": "6qrlrdufyz8ir4qlojmk4irfjbshep70",
  "fields": {
    "session_data": "eyJjYXJ0Ijp7fX0:1p6r4v:BsTd1vvYDgNUITzuAKd2hYgWbIELU4ulP1CHRHbPebY",
    "expire_date": "2023-01-01T10:39:33.025Z"
  }
},
{
  "model": "sessions.session",
  "pk": "6u73r1j51hg72jp89d01dvozay2p5f53",
  "fields": {
    "session_data": ".eJxVjEEOgyAURO_y14aAIILL7nsG84FPpW20RVw0xrtXEzduJpN5M7OCx1ygW8Ee8l1wLKn8oBMVfHLyBB2I1jLOYdsq6HEpQ7_MlPsUdiThkjn0LxoPEJ44Pibmp7Hk5NhRYSed2X0K9L6d3cvBgPOwr510spbC8ChVTY0xqLUyJGo0ZJC7aButvI0YSFuzuxB5SxRICRc1trD9AQsTRaM:1okifD:Ypa20gnefj-c4n8eaC0jWNBauTtzAJWco8Zgw0wKP7Y",
    "expire_date": "2022-11-01T09:13:31.982Z"
  }
},
{
  "model": "sessions.session",
  "pk": "770wh40o7k6n4spocyj471vpzbie0lx2",
  "fields": {
    "session_data": "eyJjYXJ0Ijp7fX0:1olF4r:G-jjb52SXl0aEJj6qckWXGGsxuP49GJcpfLBkkEkx-I",
    "expire_date": "2022-11-02T19:50:09.743Z"
  }
},
{
  "model": "sessions.session",
  "pk": "7eypm397sba4ia8pepivve451183b0hr",
  "fields": {
    "session_data": "eyJjYXJ0Ijp7fX0:1p6qwp:HQBVIm5Z_H6oDwbJF-PXs1GuxPHX0ukXeTBXaQCUQaY",
    "expire_date": "2023-01-01T10:31:11.766Z"
  }
},
{
  "model": "sessions.session",
  "pk": "7fh6fnws1b2v2rk2os3of6hwpdjbki7m",
  "fields": {
    "session_data": "eyJjYXJ0Ijp7fX0:1ookv6:yQLpAUev5FO0yE78W_QkJPKNu5kApKLuaUKltnH4B84",
    "expire_date": "2022-11-12T12:26:36.281Z"
  }
},
{
  "model": "sessions.session",
  "pk": "7i3ffophwz0dxx9iotq4rofd4g2q2wt7",
  "fields": {
    "session_data": "eyJjYXJ0Ijp7fX0:1omvcW:i_Hp09KKTZhc0T_L0F7DBBdlHfSZFxR_1EfKysU0pTk",
    "expire_date": "2022-11-07T11:27:52.414Z"
  }
},
{
  "model": "sessions.session",
  "pk": "7kgswn2gi65qgchz5feqigm7dtjvoaaf",
  "fields": {
    "session_data": "eyJjYXJ0Ijp7fX0:1p0UmF:yOu7y3Vqtnm6jlhrBKGOkviMtjmpvpUVqIWLJnMnI3E",
    "expire_date": "2022-12-14T21:37:59.051Z"
  }
},
{
  "model": "sessions.session",
  "pk": "7ne9rprqi4ljm04iy8w7un9mnuztm2qb",
  "fields": {
    "session_data": "eyJjYXJ0Ijp7fX0:1olytv:f6_HgYg0NvCvhKFNBugCUNIeIoWXfOshEUxxmyyyiOg",
    "expire_date": "2022-11-04T20:45:55.840Z"
  }
},
{
  "model": "sessions.session",
  "pk": "7rvl0tpeu5refh0gujson49w29h3qbj5",
  "fields": {
    "session_data": "eyJjYXJ0Ijp7fX0:1olGf3:9qPRPj6ZmRuE2iDHjxKJJPEKsheDY7U46IRGkLOSH_c",
    "expire_date": "2022-11-02T21:31:37.395Z"
  }
},
{
  "model": "sessions.session",
  "pk": "7u1o42ena7xp17xnkglexjgrxq46cu4g",
  "fields": {
    "session_data": "eyJjYXJ0Ijp7fX0:1p6qkC:I3XgSQIfvqvbZWFHsB3NKVFjkPMyWob0PH4FJloiDfw",
    "expire_date": "2023-01-01T10:18:08.871Z"
  }
},
{
  "model": "sessions.session",
  "pk": "7ufu7k1gi15gmu4yrpfdbm9x4o6qh99e",
  "fields": {
    "session_data": "eyJjYXJ0Ijp7fX0:1olGaq:4HaKrDAIlwRL1AIar3BbJdvjI5JZlNp3k6qEiyt9KEw",
    "expire_date": "2022-11-02T21:27:16.211Z"
  }
},
{
  "model": "sessions.session",
  "pk": "8burimscd7577t7hrznyf03vjl0ybdv5",
  "fields": {
    "session_data": ".eJyrVkpOLCpRsqpWMgIRhaWJeSWZJZVKVoY6SgVFmcmpSlZKhpaWegamSrU6SoYGuBWZWJjpGRgo1dbWAgAzNRi5:1oktIt:3G6sueh9E5vkUa-AxLImtVEFEvIVYF1xLeHpUzlhDhM",
    "expire_date": "2022-11-01T20:35:11.610Z"
  }
},
{
  "model": "sessions.session",
  "pk": "8cdjm4ytlxhh93x3az9ttgm1w36l87s7",
  "fields": {
    "session_data": "eyJjYXJ0Ijp7fX0:1ot7t4:6m5h1sNbJqQ648oiJeZuY89olBZ3Fw1shMmrJ4hmOI0",
    "expire_date": "2022-11-24T13:46:34.695Z"
  }
},
{
  "model": "sessions.session",
  "pk": "8p54lnrom9ig6rzdhi5flz2jb2pp5pbj",
  "fields": {
    "session_data": "eyJjYXJ0Ijp7fX0:1p1QnE:U4XbzomTUlEv73DqkB0MhvqsuGEE64OS61yuSRYg7r0",
    "expire_date": "2022-12-17T11:34:52.952Z"
  }
},
{
  "model": "sessions.session",
  "pk": "8w2tla4mzq6gcmq02tyfn569lvnlow7b",
  "fields": {
    "session_data": "eyJjYXJ0Ijp7IjIiOnsicXVhbnRpdHkiOjYsInByaWNlIjoiMTk5LjA1In19fQ:1okupR:BuyxZcfrhAnSiEuu4zMkgkjCOSmdMab2vwmkgA-OVkw",
    "expire_date": "2022-11-01T22:12:53.175Z"
  }
},
{
  "model": "sessions.session",
  "pk": "93x3s7ykeez4ddxsu2j9zq2ml1mhtjun",
  "fields": {
    "session_data": "eyJjYXJ0Ijp7fX0:1p6qus:g3FXEXefnmiHg2lG8P1KajOaouVBFkl3isAqWroS1qk",
    "expire_date": "2023-01-01T10:29:10.358Z"
  }
},
{
  "model": "sessions.session",
  "pk": "99z2176ouhi62i5x1ipkbcfeu98wxxte",
  "fields": {
    "session_data": "eyJjYXJ0Ijp7fX0:1oksDs:aHaaQ53f-ieBl43uxWLHMhwVTW8GsI9UMDc9bIyKLg4",
    "expire_date": "2022-11-01T19:25:56.930Z"
  }
},
{
  "model": "sessions.session",
  "pk": "9ea8wzgio17e6wy0h3n2cvasks7y0avp",
  "fields": {
    "session_data": "eyJjYXJ0Ijp7fX0:1p6qlG:SEiGUq7KodqkAiTr74VCY0yLwmH6HtVRo0grn5TDopY",
    "expire_date": "2023-01-01T10:19:14.556Z"
  }
},
{
  "model": "sessions.session",
  "pk": "9gi3mlodk1oj08qml0kiygypmszpn4ge",
  "fields": {
    "session_data": "eyJjYXJ0Ijp7fX0:1op92H:o8Jlb-SnVg-ESVKa0ZJtisO6Gl6Gg491siak6fiJQW8",
    "expire_date": "2022-11-13T14:11:37.287Z"
  }
},
{
  "model": "sessions.session",
  "pk": "9ibxtdudjkz8s2dvpm78cbdkagp5che3",
  "fields": {
    "session_data": "eyJjYXJ0Ijp7fX0:1p6qwT:f5_-LNPxzjdsn0PqSwyphu-kdC3aOO5cYmqWAiAzLwY",
    "expire_date": "2023-01-01T10:30:49.470Z"
  }
},
{
  "model": "sessions.session",
  "pk": "9n92oyh5r7jxb487dx92wnhugrb85brw",
  "fields": {
    "session_data": "eyJjYXJ0Ijp7fX0:1olGav:OTEgaUdVXbJifkg8w4pi31KoXbBV-j1hUZHmQsrV29k",
    "expire_date": "2022-11-02T21:27:21.162Z"
  }
},
{
  "model": "sessions.session",
  "pk": "9xyqvh5lil6m82q9dvz3mhud1onobzd1",
  "fields": {
    "session_data": "eyJjYXJ0Ijp7fX0:1oks1F:--McB3sbfOFIazJbSFvfsezgZYOhiPcjd6xOEC_yDJI",
    "expire_date": "2022-11-01T19:12:53.674Z"
  }
},
{
  "model": "sessions.session",
  "pk": "9ziagz39y51gar7uxr82icrgrr7ohq32",
  "fields": {
    "session_data": ".eJxVjDEOgzAMRe_iuYqSAHHM2J0zIAebQluBFGBC3L1FYmH9772_Q8d5hXo_HtDytg7ttmhuR4EafITbmLj76HQSefP0mk03T2sekzkVc9HFNLPo93m5t4OBl-Ffk-2dq0JfiOcyOaysEgbFIiBbVk_OsxckIQplVBfQJRLWSgjLaD0cPzYfOnw:1ohysF:WQx6oIWjaeCQg7Ff5d3_h5_Oa0O3YFvWnvO_L80UQ3A",
    "expire_date": "2022-10-24T19:55:39.962Z"
  }
},
{
  "model": "sessions.session",
  "pk": "9zrlkmdeaa6vn4rpx2lzjmny36vxija3",
  "fields": {
    "session_data": "eyJjYXJ0Ijp7fX0:1p6r5M:o3XRCQX4eV_aCphmosyp6DUl4ZblBEP0ODb2uvwkcaA",
    "expire_date": "2023-01-01T10:40:00.454Z"
  }
},
{
  "model": "sessions.session",
  "pk": "9zwfofi63e8hr2kj9h7om1t88rrtowko",
  "fields": {
    "session_data": ".eJx1jDsOgzAQRO-yNbLWXzBl-pwBrT8EJxEkxhQR4u4BKQ1FminmvZkVPOUC7QqCH_leaCypfKDlFbxy8hFa4Mg0wlaBUH-d2jLUsO1SR0sZumWOuUthJw2cOkf-EccDhDuNt4n5aSw5OXYo7Edndp1CfF5-7ulgoHnY1xZdIwQFboQWWinjNOfaOSOdUSqiRBVq7E2DJuogKcpeGo2esLaW0ML2BU0-TiY:1omAi1:tQgucIZBui8eSD3s-fP9CFvhj_OHYKxSwIOxPuaBSnw",
    "expire_date": "2022-11-05T09:22:25.712Z"
  }
},
{
  "model": "sessions.session",
  "pk": "alkfcyyvydri9rdr6kycmpfoy2ctzmyj",
  "fields": {
    "session_data": "eyJjYXJ0Ijp7fX0:1p6tHN:YvG79fVs25laH9tRV-md9vY4a5832vMiMxPFaZU0TBY",
    "expire_date": "2023-01-01T13:00:33.388Z"
  }
},
{
  "model": "sessions.session",
  "pk": "atjf31ml38krxa7znrq8xcjtbw8il8vb",
  "fields": {
    "session_data": "eyJjYXJ0Ijp7fX0:1onoLI:NjoG4EaCtQUPRmaCb7ndjXG9IreT16v1v6tDQz7jEU4",
    "expire_date": "2022-11-09T21:53:44.596Z"
  }
},
{
  "model": "sessions.session",
  "pk": "ax5x3vjrknx8jdsi041nwzsapy165k9h",
  "fields": {
    "session_data": "eyJjYXJ0Ijp7fX0:1p6r1e:6A3sRb-LTOC8l-nOdjOCiVVygrkh-mq019vcoHV2Ivk",
    "expire_date": "2023-01-01T10:36:10.117Z"
  }
},
{
  "model": "sessions.session",
  "pk": "b2ftkp0bt0x9ozrfa2qtmce44xyf842m",
  "fields": {
    "session_data": "eyJjYXJ0Ijp7fX0:1olGbJ:e5fC-GGGYWctwqt71Z5Klnv7HfQGPF5BfA1-8VMH9DE",
    "expire_date": "2022-11-02T21:27:45.375Z"
  }
},
{
  "model": "sessions.session",
  "pk": "b6qo3wcwgrxx86ol6vf8juf4yy3rmhw8",
  "fields": {
    "session_data": "eyJjYXJ0Ijp7fX0:1oks4q:U32XF5i8Ax22dSHK6TIXGK25mg-xl_aFHhtAd9zjAx0",
    "expire_date": "2022-11-01T19:16:36.940Z"
  }
},
{
  "model": "sessions.session",
  "pk": "bhp8widnk4h67miuvj9p13jhcaviean0",
  "fields": {
    "session_data": "eyJjYXJ0Ijp7fX0:1oktTY:1IblNz-Vdfm2duuagofG7LpyqYi6PJsjUUJ-BZg0Kgk",
    "expire_date": "2022-11-01T20:46:12.054Z"
  }
},
{
  "model": "sessions.session",
  "pk": "bxbo3rjj88s6fqc0dydcar7ei261h67w",
  "fields": {
    "session_data": "eyJjYXJ0Ijp7fX0:1omAJb:zxS0uVKBL69UCGNqlpmZfQyu3waKghYIgkrjnYITG8g",
    "expire_date": "2022-11-05T08:57:11.627Z"
  }
},
{
  "model": "sessions.session",
  "pk": "c1d50rbhb3c0gfobragga7wcxf9xt0vr",
  "fields": {
    "session_data": "eyJjYXJ0Ijp7fX0:1p6qx0:-NXSGXhLUKPc4aaZoJnU-qK28Xyk36_i4BKfYlzkVuk",
    "expire_date": "2023-01-01T10:31:22.913Z"
  }
},
{
  "model": "sessions.session",
  "pk": "c5ax7tqns5iwjexxdmbjpqhas7g4p92h",
  "fields": {
    "session_data": "eyJjYXJ0Ijp7fX0:1ol2xE:KywiT7VE3Je-SuI2Nn46RWl3u8rq2MOiUNqocQICVLo",
    "expire_date": "2022-11-02T06:53:28.407Z"
  }
},
{
  "model": "sessions.session",
  "pk": "c5uurvnajphudi2ca3v7iawxuzw1vp08",
  "fields": {
    "session_data": "eyJjYXJ0Ijp7fX0:1p0l2Z:40-LIqlHY6ME4z4Ss87HKzPGqqou4B-Mii4fIup3QBg",
    "expire_date": "2022-12-15T14:59:55.348Z"
  }
},
{
  "model": "sessions.session",
  "pk": "cbyifg55ajg54aygyzrfanxjmtsgnsgk",
  "fields": {
    "session_data": "eyJjYXJ0Ijp7fX0:1p6qjU:_r5204upCsSzoh-vfu9PcsXuEmxUZnrZY3ErOGYtUdU",
    "expire_date": "2023-01-01T10:17:24.687Z"
  }
},
{
  "model": "sessions.session",
  "pk": "coc3i8vhr40ia92xgh2k9fvjpe9ngtx4",
  "fields": {
    "session_data": "eyJjYXJ0Ijp7IjE0Ijp7InF1YW50aXR5IjoxLCJwcmljZSI6IjE2OS44MCJ9fX0:1osN71:3vypfirlqd66sKe17aQ7ptBUOTBX6fn6oq3aDo9L0JU",
    "expire_date": "2022-11-22T11:49:51.483Z"
  }
},
{
  "model": "sessions.session",
  "pk": "cxd30cn8b7q0h5kvyfmno6uy3zk3w3zw",
  "fields": {
    "session_data": "eyJjYXJ0Ijp7fX0:1oksNV:HxXDpwn3kmUEwTYDL5AO9m4tEPZUYFA-sgiZhoU5z3Q",
    "expire_date": "2022-11-01T19:35:53.482Z"
  }
},
{
  "model": "sessions.session",
  "pk": "d5uumqdewem8nosqauzu5zv024y0cj32",
  "fields": {
    "session_data": "eyJjYXJ0Ijp7fX0:1olYFK:wn4rmARQH5ManjdFABABhASVZQz2kS2buD9FB2TAGG8",
    "expire_date": "2022-11-03T16:18:14.645Z"
  }
},
{
  "model": "sessions.session",
  "pk": "dhrwbyugbkmnttcgj31x8uygmaegxphi",
  "fields": {
    "session_data": "eyJjYXJ0Ijp7fX0:1p6qva:bfZjkaOTZEE8AB9zI5u-0yFCxaURFfxiMgXn3tF59bs",
    "expire_date": "2023-01-01T10:29:54.627Z"
  }
},
{
  "model": "sessions.session",
  "pk": "e2pf2le9i3p7cmlzpwu13ospr4gd7dnn",
  "fields": {
    "session_data": "eyJjYXJ0Ijp7fX0:1p6qwe:TTzBGAlbPQ7iS8OrMq_R7i3DR7Mw8TVtVwrJI9jnC5g",
    "expire_date": "2023-01-01T10:31:00.478Z"
  }
},
{
  "model": "sessions.session",
  "pk": "elbhver6795bvpj5kl5fls7qezd7ap2b",
  "fields": {
    "session_data": "eyJjYXJ0Ijp7IjE2Ijp7InF1YW50aXR5IjoxLCJwcmljZSI6IjU2LjAwIn19fQ:1oksJ4:-JUp__BPXgwvUQ5mqszchhiyCoEl8GLCgw2vIFaOQi0",
    "expire_date": "2022-11-01T19:31:18.829Z"
  }
},
{
  "model": "sessions.session",
  "pk": "eqom8j6z4zna0sz7nvb6j9b7pvz0yfmu",
  "fields": {
    "session_data": ".eJxVjDEOgzAQBP9ydWQZDHagTJ83oLPvLjiJIDGmiBB_D0g0NFvszO4CAVOGdgG7x3fGIcf8g7a4wCfFwNBCWSutYV0v0OGc-26eOHWRNmIaOJUew4uHndATh8eowjjkFL3aFXXQSd1H4vftcE8HPU79tmZdG7auEfFehMgRktPeoDXEOpTNlcWGWlylSzRau6YgI54rKwVyKbD-AU1rRnk:1ojrs5:H6_azekJZW-oYHvh1CgnUoee6Rsci14sDgPPacT86S0",
    "expire_date": "2022-10-30T00:51:17.984Z"
  }
},
{
  "model": "sessions.session",
  "pk": "ers0nkcg3xu8cgdcm76bo0iqxzdyot73",
  "fields": {
    "session_data": "eyJjYXJ0Ijp7fX0:1p6r4I:xzpLku1P6mQqaGvkijglHNfUA6adB7_AguAPehswRv4",
    "expire_date": "2023-01-01T10:38:54.561Z"
  }
},
{
  "model": "sessions.session",
  "pk": "eytzvpp23es8qhkw5ir7iifbehp09d1j",
  "fields": {
    "session_data": "eyJjYXJ0Ijp7fX0:1oksm2:M376y3KM1IorOBGHklhVLXdj1lcH32enKvmReVUpkGQ",
    "expire_date": "2022-11-01T20:01:14.723Z"
  }
},
{
  "model": "sessions.session",
  "pk": "ezidbecrowerlm8lnrq6w3ubau3ku9f5",
  "fields": {
    "session_data": "eyJjYXJ0Ijp7fX0:1p6qjs:OM5oNxHcaByHkr5Ok5aq1tfybowu37QH8GsTf6GXu60",
    "expire_date": "2023-01-01T10:17:48.206Z"
  }
},
{
  "model": "sessions.session",
  "pk": "f3dwtk5jbm4hn8cfk8cq57t8fix9viui",
  "fields": {
    "session_data": "eyJjYXJ0Ijp7fX0:1okjKB:u5fRlcR7nwBC5u6EEKXKWD25dc7ZeA8ZGoblsDfvR8o",
    "expire_date": "2022-11-01T09:55:51.559Z"
  }
},
{
  "model": "sessions.session",
  "pk": "f7ixldasfrqwwhqpumd22t0tcb665msh",
  "fields": {
    "session_data": "eyJjYXJ0Ijp7fX0:1p0nBM:Us7S4q8oZIFPn6Mu4CoOzX6Pb-E1-hv6ytTF0W_AqAY",
    "expire_date": "2022-12-15T17:17:08.401Z"
  }
},
{
  "model": "sessions.session",
  "pk": "fd202q8fk4okjgwsqy7o92s6ync8ybgx",
  "fields": {
    "session_data": "eyJjYXJ0Ijp7fX0:1oqzPb:17YSqSIufvfcbk9idVsSnT3dQrzw8smKao5mV1wEdwU",
    "expire_date": "2022-11-18T16:19:19.705Z"
  }
},
{
  "model": "sessions.session",
  "pk": "fiafnvzoznw31faxulmumy4p9ihr7xz8",
  "fields": {
    "session_data": "eyJjYXJ0Ijp7fX0:1olSPh:5o8GEkp90HsrnFz3fh-Dr3pLxttVlvgEOLHxjcA_mac",
    "expire_date": "2022-11-03T10:04:33.623Z"
  }
},
{
  "model": "sessions.session",
  "pk": "fk5lj7qsygvuut6ox8ggbbgqq1wfioha",
  "fields": {
    "session_data": "eyJjYXJ0Ijp7fX0:1orvfq:4X8_X-i6IOG37JU3oNVcWBR2X40m6WqDIWPPU0bwl-g",
    "expire_date": "2022-11-21T06:31:58.543Z"
  }
},
{
  "model": "sessions.session",
  "pk": "fompwqnnl8u8kev71cu8sqnit0jdruex",
  "fields": {
    "session_data": "eyJjYXJ0Ijp7fX0:1olFF9:132svpr_tR6uPiJWq4hlmcP5U4LxdW-gGCmAu6Wj-co",
    "expire_date": "2022-11-02T20:00:47.806Z"
  }
},
{
  "model": "sessions.session",
  "pk": "ft26y1srorzksw7k36qmvpue52h8qt5w",
  "fields": {
    "session_data": "eyJjYXJ0Ijp7fX0:1omWpY:sWe6eTdvij04xbLxxR8OwOwAXtA5CGhneEHl4qEkdpc",
    "expire_date": "2022-11-06T08:59:40.996Z"
  }
},
{
  "model": "sessions.session",
  "pk": "fwx0jx1hyacb46iing8rkabb0x2i28k6",
  "fields": {
    "session_data": "eyJjYXJ0Ijp7fX0:1ol3qY:7877dXd4kWTiAL1tgo5isCB_Y-rqyUBV2vpKd7EQbXE",
    "expire_date": "2022-11-02T07:50:38.021Z"
  }
},
{
  "model": "sessions.session",
  "pk": "ggri2jfencc7owztc7kwu1c24wc39dqt",
  "fields": {
    "session_data": "eyJjYXJ0Ijp7fX0:1omPut:l9Kuk5jJ0ZFc14oDFdbSfdgUq4KxqyXknLb_7UA8ZyU",
    "expire_date": "2022-11-06T01:36:43.677Z"
  }
},
{
  "model": "sessions.session",
  "pk": "ghklgbbs4okr742a3j8hwwwuw1jhkrpd",
  "fields": {
    "session_data": "eyJjYXJ0Ijp7fX0:1p6qlc:aSrsENgQmL7Z57U6ZQ09elS_dLcOeOaqzM00AXp8D_A",
    "expire_date": "2023-01-01T10:19:36.968Z"
  }
},
{
  "model": "sessions.session",
  "pk": "gmug2w1rwufzbetz71bxbpsnhvmit2gg",
  "fields": {
    "session_data": "eyJjYXJ0Ijp7IjIwIjp7InF1YW50aXR5IjozLCJwcmljZSI6IjM0MC41MCJ9fSwiY291cG9uX2lkIjoyfQ:1oku36:2C-Q3BvOF5Uauxv47eK7Om9bnoW2ZB8clSnLQoVtX4I",
    "expire_date": "2022-11-01T21:22:56.617Z"
  }
},
{
  "model": "sessions.session",
  "pk": "go4jhq3svb5phwrm3loiqr03a5uxic7d",
  "fields": {
    "session_data": "eyJjYXJ0Ijp7fX0:1p6qkN:p3qoOPb2C5eYTopu5n3Kp-uiC1YFOxqxERd11wlHtZw",
    "expire_date": "2023-01-01T10:18:19.648Z"
  }
},
{
  "model": "sessions.session",
  "pk": "gt8atb8qi82rypcfopnrfeph36uxjkkq",
  "fields": {
    "session_data": "eyJjYXJ0Ijp7fX0:1olGkB:7Gy_ptcGy4e824oCiEmCB8qkM7c3I22jbHcFPXpG7e4",
    "expire_date": "2022-11-02T21:36:55.096Z"
  }
},
{
  "model": "sessions.session",
  "pk": "hbv12ix29dqn93o6dg4dencflt8ne7h6",
  "fields": {
    "session_data": "eyJjYXJ0Ijp7fX0:1p6qsJ:EUFfcll4MXFlYD7DzSuXBimPU1241tbFfsdcwibrpRk",
    "expire_date": "2023-01-01T10:26:31.234Z"
  }
},
{
  "model": "sessions.session",
  "pk": "hfp1b4zpfp6f614bt85z1q1yhea03lle",
  "fields": {
    "session_data": "eyJjYXJ0Ijp7fX0:1p6qpK:ZMnEBAwNtqgTpadE8Ii3jo3BO_NS2iFj93XzpsnjC7E",
    "expire_date": "2023-01-01T10:23:26.603Z"
  }
},
{
  "model": "sessions.session",
  "pk": "hx784mu5em7fmrrz99kuz1f5kms4j3j7",
  "fields": {
    "session_data": "eyJjYXJ0Ijp7fX0:1ol26D:U1684x5tw3UuYuX5CpftrnbTp_lP_-hd_dbTNnGZzyo",
    "expire_date": "2022-11-02T05:58:41.496Z"
  }
},
{
  "model": "sessions.session",
  "pk": "hxrqft7lycitejcbv7v8fd8hu63jfrw9",
  "fields": {
    "session_data": ".eJxVjDsOgzAQRO-yNbJsC3-gTJ8zoPV6HZxEkIApIsTdAxINzRTz3swKhFOBdgXljvwuOJRcftCqCj5TJoYWlBRSwrZV0OFS-m6Zeepy3EkNly4gvXg4QHzi8BgFjUOZchCHIk46i_sY-X073ctBj3O_r1nqhqNKnlNK1npfaxm1YTZcKwoerZUxBgy2cR6VlkTBkDMxOdJGWdj-KShF5A:1oktIM:SAbaHO9gbj2IOWahE-kwy9r6_67gwYNtHBdjw3Ha2mI",
    "expire_date": "2022-11-01T20:34:38.690Z"
  }
},
{
  "model": "sessions.session",
  "pk": "hypbfq5dogvphw448k58lioy9seo94c5",
  "fields": {
    "session_data": "eyJjYXJ0Ijp7fX0:1ozoOz:TJyT2BOjJuMFtKgWwabDceS5SWoXQcsyyuWwSeRKRy0",
    "expire_date": "2022-12-13T00:23:09.648Z"
  }
},
{
  "model": "sessions.session",
  "pk": "hztcmravc93sxa0brle5n2cwmx88g72m",
  "fields": {
    "session_data": "eyJjYXJ0Ijp7fX0:1orORF:f-GNOw4LyTxb8uo0ILz3w1WON_sWB3sFVse3-O-FaNU",
    "expire_date": "2022-11-19T19:02:41.568Z"
  }
},
{
  "model": "sessions.session",
  "pk": "i2nevfze3zzdtjn170dusrpnu6to2il2",
  "fields": {
    "session_data": "eyJjYXJ0Ijp7fX0:1oktKb:wcv8ZfG2PQPHZra6VRfVo6Nl9gHupFyexHRXiyGMjDw",
    "expire_date": "2022-11-01T20:36:57.929Z"
  }
},
{
  "model": "sessions.session",
  "pk": "i4msr3yk9xak5zgxvpjre4xjgu2kepzo",
  "fields": {
    "session_data": "eyJjYXJ0Ijp7fX0:1okuo4:bn_DZ1Gf_73ULxP7o2DhkIx7qYP_iPfsQ1KgJz0rTYU",
    "expire_date": "2022-11-01T22:11:28.218Z"
  }
},
{
  "model": "sessions.session",
  "pk": "i59yifvpdcka9xyypf9qjxch0t4un0w1",
  "fields": {
    "session_data": "eyJjYXJ0Ijp7fX0:1p6quh:jz5vb3Q7crJhGkQDDxyBygzbSiFuC0U4C-fWuuxcMAQ",
    "expire_date": "2023-01-01T10:28:59.354Z"
  }
},
{
  "model": "sessions.session",
  "pk": "i79480bqzpu7unycgqsazoio8myl4kkz",
  "fields": {
    "session_data": "eyJjYXJ0Ijp7fX0:1p6qn4:C2dsN4aaoP64CfSVEUgbQ03blALd9AHf8AY4UUMy1TA",
    "expire_date": "2023-01-01T10:21:06.949Z"
  }
},
{
  "model": "sessions.session",
  "pk": "iml0n4udvw55ruwtzsdkkrglb5r2yjhp",
  "fields": {
    "session_data": "eyJjYXJ0Ijp7fX0:1p6r8N:y2kvbe-4qSobDhVXfZ4sOVh1pYi50e2p6gaudMH8x0c",
    "expire_date": "2023-01-01T10:43:07.637Z"
  }
},
{
  "model": "sessions.session",
  "pk": "iovfacg1bt2b0kderhbh94siospygpm7",
  "fields": {
    "session_data": "eyJjYXJ0Ijp7fX0:1p135Q:PVtweT66iw99q8VdC6xczpxvV_Zx15EKzdIS6toGEiM",
    "expire_date": "2022-12-16T10:16:04.574Z"
  }
},
{
  "model": "sessions.session",
  "pk": "ipdo9w44yl7p7r7g587v9akldbqz9pjd",
  "fields": {
    "session_data": ".eJxVjzsOgzAQRO-yNbL8wbFNmT5nQP4RnCCbgF1EiLvHRBRJM8XM2xntBr0ueezL6pc-OOiAQPPrGW2fPh6Be-h4T8immJdg0IGgM13RLTk_XU_2r2DU61ivDcdWCEolruKZtEqblg2GcS2EIZLKljDs1cAuhJvWKUWxokJKZrxyXtZSq5cM3QYUH_oqOuaQ39CRBuYlWF9XWIsRx7DvlU5lTvH7UyzTtH8AhTxKZw:1oqzS2:UjMLjBGXGrJXL7FRj3h707fh2twudhPSJq7Ey1hUhgE",
    "expire_date": "2022-11-18T16:21:50.744Z"
  }
},
{
  "model": "sessions.session",
  "pk": "ipp21ro3mqflq38srd57tebi3a81jmaz",
  "fields": {
    "session_data": ".eJxVjDsOgzAQRO-yNbIM-BNTps8Z0K4_wUlkEmOKCHH3xBINzRTz3swGFnOBYYNW1fysmEosXxj6Bt45Wg8DSMU4h31vYMS1TOO6-DxGVwmcOkL79KkC98B0n5mdU8mRWFXYQRd2m51_XQ_3dDDhMv3XwRrpOimFFl5iLxAD8Yv0vem08k6q9tIZIt0rz3XQQXDBuUIiZ7Qk1LD_AAltRQQ:1ol8xQ:gB_k9hirHtAFqtiykwcaF1drIppMbxNRC8ctfkhGNeU",
    "expire_date": "2022-11-02T13:18:04.762Z"
  }
},
{
  "model": "sessions.session",
  "pk": "iw65lvu769oehebkgvjftb2mpn6vnxz4",
  "fields": {
    "session_data": "eyJjYXJ0Ijp7fX0:1osh2R:SgXi_bT9WnchukMvnPSk0jYKDwnz6ERRL7iQdWJxdWc",
    "expire_date": "2022-11-23T09:06:27.649Z"
  }
},
{
  "model": "sessions.session",
  "pk": "izbo9opnub8s09v1m6tkup632gsgymig",
  "fields": {
    "session_data": "eyJjYXJ0Ijp7fX0:1p6qsW:h8BBaNads-DxzFJvehMCujvAxnKkDczU_Cl-WyuHgRU",
    "expire_date": "2023-01-01T10:26:44.720Z"
  }
},
{
  "model": "sessions.session",
  "pk": "j5en6gs3hsp0s5lacjd8j3prcm0q8fnv",
  "fields": {
    "session_data": "eyJjYXJ0Ijp7fX0:1olGEr:wRcEh8qoNRwkfw26HnRn8zjONU8lL1a1ZBm3_JrNFWQ",
    "expire_date": "2022-11-02T21:04:33.134Z"
  }
},
{
  "model": "sessions.session",
  "pk": "jbn2417pqmmamo6cdyjhug1px1k9fn08",
  "fields": {
    "session_data": "eyJjYXJ0Ijp7fX0:1p6qlR:XMXhm7ORX7IKyA1VN9hovf31kSpZx7zKltl7Rq3zu4U",
    "expire_date": "2023-01-01T10:19:25.908Z"
  }
},
{
  "model": "sessions.session",
  "pk": "jcfnjzf2azsaxaf4zg9cld1na6358c74",
  "fields": {
    "session_data": "eyJjYXJ0Ijp7fX0:1olAFV:iES4WcrQ8El6pAInVPfdtJySNL1TiymLeB6pFhg504c",
    "expire_date": "2022-11-02T14:40:49.556Z"
  }
},
{
  "model": "sessions.session",
  "pk": "jh75hc6p87ii4xwvoehdmgn6n73g5vpq",
  "fields": {
    "session_data": ".eJxVjMsOgyAURP_lrg3hpYDL7vsNhgtYaRtsEReN8d8riRs3s5hzZjZwNhfoN2C05ne1qcTyg5418MnRBeiBSd0RSmHfGxjsWqZhXUIeoq8MLh1a9wqpAv-06TETN6eSI5KqkJMu5D778L6d7uVgsst0rLGlTinONT0iCO2MRSlGFK1VCpnmWjJBgxlFx1qU3hhODVdaCwzGBw37Hz3wRHg:1p6rHi:klQksED58QO4w4Ag8o02KyOUCCIdJEFjqklS1BflEoI",
    "expire_date": "2023-01-01T10:52:46.864Z"
  }
},
{
  "model": "sessions.session",
  "pk": "jtylrs0nr8ofipmxiyn690cwa0ljtoid",
  "fields": {
    "session_data": "eyJjYXJ0Ijp7IjIxIjp7InF1YW50aXR5IjoxLCJwcmljZSI6IjEwLjUwIn19LCJjb3Vwb25faWQiOjJ9:1oksAU:SGGFnh3IlU19H-JYWw4NTJIKwpnXeY207QQpbzc5XXQ",
    "expire_date": "2022-11-01T19:22:26.999Z"
  }
},
{
  "model": "sessions.session",
  "pk": "k3yrnowvgogrs9zv1fc4462ezqlteeyf",
  "fields": {
    "session_data": "eyJjYXJ0Ijp7fX0:1p6qjf:hd8QAnTaEGxe--7bE668KipQXcqyu2lCnGd7JmJc3dM",
    "expire_date": "2023-01-01T10:17:35.709Z"
  }
},
{
  "model": "sessions.session",
  "pk": "k4zwgjr4ock6rwm1gj8f1skv8do2k1kt",
  "fields": {
    "session_data": "eyJjYXJ0Ijp7fX0:1ot7su:2BGHQJu0v1l-KMD6tas-0rbqo0RBqiQ6IIDHcn_vLas",
    "expire_date": "2022-11-24T13:46:24.757Z"
  }
},
{
  "model": "sessions.session",
  "pk": "klyvoo0w9lsurupa7kwxeebtwiamwgdd",
  "fields": {
    "session_data": "eyJjYXJ0Ijp7fX0:1opFYq:o_z2DgqHc3aKD-2bVe4gsGEOsAPjsUb4LvLuxK5yozI",
    "expire_date": "2022-11-13T21:09:40.437Z"
  }
},
{
  "model": "sessions.session",
  "pk": "ktx6jnawqn3415b2q9tjiunpz44cwigg",
  "fields": {
    "session_data": "eyJjYXJ0Ijp7fX0:1omXEF:qdx3CVBrNojL4gBhpYu2-BR9E88hlc07kZcDCwILdtg",
    "expire_date": "2022-11-06T09:25:11.473Z"
  }
},
{
  "model": "sessions.session",
  "pk": "kw1zgrl67kj7qhvwse6wa5pmscyr5ywg",
  "fields": {
    "session_data": "eyJjYXJ0Ijp7fX0:1onSd7:k9B-jSPMTilXYEFoYHCOM8iavwJp92pQFH2f2PP800s",
    "expire_date": "2022-11-08T22:42:41.961Z"
  }
},
{
  "model": "sessions.session",
  "pk": "kzn5w1m9bptn1nwvwy9i2otc77wfsshz",
  "fields": {
    "session_data": "eyJjYXJ0Ijp7fX0:1olUfr:elxeABIhCJPFTR_3XbJ-Iscsoz27GNiUySI8a6qfH9Q",
    "expire_date": "2022-11-03T12:29:23.969Z"
  }
},
{
  "model": "sessions.session",
  "pk": "l0a9ikrp659bzryzmbqq36lginqpzthk",
  "fields": {
    "session_data": "eyJjYXJ0Ijp7fX0:1p6qvP:XDWupN2_i8ybIcfdCqMjTy10fUMNv2N-pe_eHIWYVqY",
    "expire_date": "2023-01-01T10:29:43.481Z"
  }
},
{
  "model": "sessions.session",
  "pk": "l5mul7e97flp8dkt2hdx4cj2vsxrao6s",
  "fields": {
    "session_data": "eyJjYXJ0Ijp7fX0:1okshe:mg7n8rvzh2tpDgEvXa7PmscXYB98RayD1mzeUIJyC44",
    "expire_date": "2022-11-01T19:56:42.122Z"
  }
},
{
  "model": "sessions.session",
  "pk": "l741va3g6u90950hfy3fu9dqkevobc8k",
  "fields": {
    "session_data": "eyJjYXJ0Ijp7fX0:1omNhH:EZVosx5Catt_Q8VO2q93aibBnJ7DHJvfnCMPFSFZhiQ",
    "expire_date": "2022-11-05T23:14:31.345Z"
  }
},
{
  "model": "sessions.session",
  "pk": "laz1ldjn8pzx0y3rnu42tgthml3c3go3",
  "fields": {
    "session_data": "eyJjYXJ0Ijp7fX0:1p6qvl:Mp-QmrG8G6fEAwdCiX2t3Ngm8vmz0XYExto1H0L3YLM",
    "expire_date": "2023-01-01T10:30:05.463Z"
  }
},
{
  "model": "sessions.session",
  "pk": "lcyo17ngenadrhbqmim2npmqqkzbo0wo",
  "fields": {
    "session_data": ".eJxVjbtuwzAMRf9Fc2voYVlUxu79BoEUqThtYRWSjA5B_r02kCULh3vuPbyrjG2oy_3xphLuY017l5ZurC7KqJeMMH_LdgL-wu1ap1y30W40nZXpSfv0WVl-Pp7dF8GKfT3W5HUOwVrQxxEHOSLNrpDzGAIZsDAbpyUWtxhPM8dodbQBwJFEFjilv9j7X22cmnQZadTj26nmvJvre2DgUlzGguhYG40GtFkoF3-AxavHP_hCT64:1okABw:wm4lPUO1wWhlXC70ceCuQzVnbh-gWliNKvYZ_Lq6ZoE",
    "expire_date": "2022-10-30T20:25:00.478Z"
  }
},
{
  "model": "sessions.session",
  "pk": "m0amhifdfhb5yzhkrtu0pxaphgersrvv",
  "fields": {
    "session_data": "eyJjYXJ0Ijp7IjEwIjp7InF1YW50aXR5IjoxLCJwcmljZSI6IjE0ODYuMDAifX19:1ol1cv:BhTvnCSC27eR-SJvk101uQrzqEvuZbCXEVDchgLYxuc",
    "expire_date": "2022-11-02T05:28:25.196Z"
  }
},
{
  "model": "sessions.session",
  "pk": "m3c60g2nqxy35e7ng1m8g1ae553i7yr2",
  "fields": {
    "session_data": "eyJjYXJ0Ijp7fX0:1omNhb:BAlxCyR-O4l-OVoIat_w-VguzBzG8qcHC1cFJRVIRz0",
    "expire_date": "2022-11-05T23:14:51.507Z"
  }
},
{
  "model": "sessions.session",
  "pk": "m4egfozkymc8sh2scij9g9a51mq0nju0",
  "fields": {
    "session_data": "eyJjYXJ0Ijp7IjciOnsicXVhbnRpdHkiOjEsInByaWNlIjoiMjIuMDAifX19:1ojr3P:VVOFkrycqBPJviyBj264ZynQsOHdMSUzQlccgLrhah0",
    "expire_date": "2022-10-29T23:58:55.383Z"
  }
},
{
  "model": "sessions.session",
  "pk": "m6nzgp91byfgnafaxegk61qqutgay0ry",
  "fields": {
    "session_data": "eyJjYXJ0Ijp7fX0:1oka9h:mUBpdhYG5FwdP3kjsxCgd6CMhRHx4wxBaarjYQSiiEw",
    "expire_date": "2022-11-01T00:08:25.409Z"
  }
},
{
  "model": "sessions.session",
  "pk": "mmdihsa3xfzbey17c67vjudfju02o0a6",
  "fields": {
    "session_data": "eyJjYXJ0Ijp7IjEyIjp7InF1YW50aXR5IjoxOSwicHJpY2UiOiIxNS4wMCJ9fX0:1oktSv:FYdBIWH27mjlsFIHWP5zc84wgDPoh2dtmWC2Xpuu8ZI",
    "expire_date": "2022-11-01T20:45:33.747Z"
  }
},
{
  "model": "sessions.session",
  "pk": "mpzh3wr0ftqv0whvdibhgvpiui55both",
  "fields": {
    "session_data": "eyJjYXJ0Ijp7fX0:1oks4s:Ri00iQHv7T5s7uGE2ZI_fa9fKhVmu3HLGA4gZTqHGOI",
    "expire_date": "2022-11-01T19:16:38.550Z"
  }
},
{
  "model": "sessions.session",
  "pk": "mzetp2lf78l1r8dc1cpnnzl6fi9tyqhn",
  "fields": {
    "session_data": "eyJjYXJ0Ijp7fX0:1p6r4w:2dOIOFDTLwHeo2VDLEx4iYEqBsAFMwzIG2nE9lZESK4",
    "expire_date": "2023-01-01T10:39:34.677Z"
  }
},
{
  "model": "sessions.session",
  "pk": "n0sdlk7j5kxek88hkvz7kfxmfo0e5abk",
  "fields": {
    "session_data": "eyJjYXJ0Ijp7fX0:1oku0m:TLOSIMOia0cC4A89ji4_r_n4kKBkwPXDIxnXij46weM",
    "expire_date": "2022-11-01T21:20:32.277Z"
  }
},
{
  "model": "sessions.session",
  "pk": "n2t0y4ofwzf8ofvsxygdjxsv59b03fej",
  "fields": {
    "session_data": "eyJjYXJ0Ijp7fX0:1olGax:b9Zc2njDf0sSj_XrpwNk0imfDS5O5LEQQgrroc7t9XA",
    "expire_date": "2022-11-02T21:27:23.633Z"
  }
},
{
  "model": "sessions.session",
  "pk": "noocxc44dexns8yx8n7473p22wv2htj9",
  "fields": {
    "session_data": "eyJjYXJ0Ijp7fX0:1ol4JU:1rVqayffbUEVaok1ho3j2tQVBow3dDLP_NwNFx23QyU",
    "expire_date": "2022-11-02T08:20:32.946Z"
  }
},
{
  "model": "sessions.session",
  "pk": "o9yd4cc31wybh8dbtlzmgj4qb5j74pup",
  "fields": {
    "session_data": "eyJjYXJ0Ijp7fX0:1p6qvE:buyT6uXivy3cpD8ldBaOh6n8lUgWHAGrg5msjr_ki9U",
    "expire_date": "2023-01-01T10:29:32.565Z"
  }
},
{
  "model": "sessions.session",
  "pk": "ofb9wx860uukfjh8a08kky2hl0m74bqj",
  "fields": {
    "session_data": "eyJjYXJ0Ijp7fX0:1p6r2G:ASYnxto3McNcMnsEphisMZfd5Yquw594BFZRomC5DvY",
    "expire_date": "2023-01-01T10:36:48.459Z"
  }
},
{
  "model": "sessions.session",
  "pk": "oylkrhi35fofwvjagwbodz1bronv7lbg",
  "fields": {
    "session_data": "eyJjYXJ0Ijp7fX0:1osNVs:4FsX6GHRqYHGDirMc33i9ILCQxVuQTk8w-GDlbl_GX0",
    "expire_date": "2022-11-22T12:15:32.125Z"
  }
},
{
  "model": "sessions.session",
  "pk": "p59ggjh7822b53q8xufnoeyijj8dmiqg",
  "fields": {
    "session_data": "eyJjYXJ0Ijp7IjEzIjp7InF1YW50aXR5IjoxLCJwcmljZSI6IjU4LjYwIn19fQ:1oks4f:BaiYLvoGgjazy33U_fo3FepOlOzNx5yeFwyJJLAYERo",
    "expire_date": "2022-11-01T19:16:25.273Z"
  }
},
{
  "model": "sessions.session",
  "pk": "p63nza3c44ojpjlqzxt06hx7ryrgzrtw",
  "fields": {
    "session_data": "eyJjYXJ0Ijp7fX0:1opaWJ:rMmdGjF9FwSZFItdUGKEAZ3qkqjT2430mCSq8S2f1vA",
    "expire_date": "2022-11-14T19:32:27.873Z"
  }
},
{
  "model": "sessions.session",
  "pk": "p9j266ninbiz9mzj43gwop74fb3k2qme",
  "fields": {
    "session_data": "eyJjYXJ0Ijp7IjUiOnsicXVhbnRpdHkiOjEsInByaWNlIjoiMzAuMDAifX19:1ojr0g:NQxaqnD66esfDo_1nsj_hjWalXVghZzNER3cWEJEmx8",
    "expire_date": "2022-10-29T23:56:06.718Z"
  }
},
{
  "model": "sessions.session",
  "pk": "pao1ff4ofdm76nrwtjwqrrjb545tas99",
  "fields": {
    "session_data": "eyJjYXJ0Ijp7fX0:1ow6P1:vUV3DqJeleiGeq9xUt_TIcKBDVZvpcE98NnoSd2UuTs",
    "expire_date": "2022-12-02T18:47:51.932Z"
  }
},
{
  "model": "sessions.session",
  "pk": "pe75jdhbr9u8sorsiixse6v79189k2px",
  "fields": {
    "session_data": "eyJjYXJ0Ijp7fX0:1p6qv3:jwGfD0wGifhEyCoi0KoBMiLn5FsaXKJ6DVOQZhquv1s",
    "expire_date": "2023-01-01T10:29:21.462Z"
  }
},
{
  "model": "sessions.session",
  "pk": "pksn1fc8cxh508u556uslis603xzht5i",
  "fields": {
    "session_data": "eyJjYXJ0Ijp7fX0:1p6r2J:jQYD-BGN9ch9l3HAiXEriRVWz-w7qBpi7c-KubaCeew",
    "expire_date": "2023-01-01T10:36:51.385Z"
  }
},
{
  "model": "sessions.session",
  "pk": "py85frr051lgzv3j1pkc1tqeoydo9sb0",
  "fields": {
    "session_data": "eyJjYXJ0Ijp7fX0:1p6r1b:nb7R_iYcdyYr_6oxHcJqu6Ysfvulw82NpAONH_hdjp4",
    "expire_date": "2023-01-01T10:36:07.173Z"
  }
},
{
  "model": "sessions.session",
  "pk": "pztqra7bw4e35lymocymfxiju1wnyd3h",
  "fields": {
    "session_data": "eyJjYXJ0Ijp7fX0:1olGbH:x68lrZdodGgAU5-1mkD5ew9r-F0YEyFOrY4JRy_QCxc",
    "expire_date": "2022-11-02T21:27:43.352Z"
  }
},
{
  "model": "sessions.session",
  "pk": "q17k6v4xgr68mwvgn3f10mi01mnitwvc",
  "fields": {
    "session_data": "eyJjYXJ0Ijp7fX0:1p6qmA:9QeZhtO0T34aHSHXmo0NhVPcwf5oOe1J5iqtsUUJNcg",
    "expire_date": "2023-01-01T10:20:10.059Z"
  }
},
{
  "model": "sessions.session",
  "pk": "q9uwju7fljh03nstyy4rlmlzgv07834e",
  "fields": {
    "session_data": "eyJjYXJ0Ijp7fX0:1p6qku:cLnSKjhFfV5cCuGjqD56GgDwqWyQPQKrhgMz9gZ4ytI",
    "expire_date": "2023-01-01T10:18:52.578Z"
  }
},
{
  "model": "sessions.session",
  "pk": "qjq1cktsbxuu0l114myivxy7bci9jm7r",
  "fields": {
    "session_data": "eyJjYXJ0Ijp7fX0:1p6qvw:z5xLmcadlXPHAdjMpbyHn4LwI5N-VmHr70F_aNh7qmY",
    "expire_date": "2023-01-01T10:30:16.477Z"
  }
},
{
  "model": "sessions.session",
  "pk": "qu5bqn8sbt9di9curoug171oc2olr109",
  "fields": {
    "session_data": ".eJxVjr0OgzAQg98lcxXlB5oLY_c-A7pLQqFFSRXIhHj3hoqhXTzYny1vrMeyjn1ZQu4nzzom2eXXI3SvEI_APzE-EncprnkifiD8TBd-Tz7Mt5P9GxhxGWubWuGMUQpElaDBWaRGD6RbNIYkKGikFsEO-ipbary1SlhlADQF6wPUUZfKO8Xvy1jmuRqYV9Zt-_4B_hVANg:1olyja:N9RBhxgYHX9LbUYhZShVf6m_V0XJTm_oOrlg_RW4sWI",
    "expire_date": "2022-11-04T20:35:14.943Z"
  }
},
{
  "model": "sessions.session",
  "pk": "r8i4l8naf9ye8yq9h7n0ccc7s9k1mk4p",
  "fields": {
    "session_data": "eyJjYXJ0Ijp7fX0:1p6r2H:zZwbTbcyz7xWNpM_YgRnxya6rC1hfd8B2MazYmf7p6E",
    "expire_date": "2023-01-01T10:36:49.895Z"
  }
},
{
  "model": "sessions.session",
  "pk": "r956pzzmr0tr5b93on0p8y71qi8pri3h",
  "fields": {
    "session_data": "eyJjYXJ0Ijp7fX0:1olJas:NPqWeO6DVByAcG2A0m6zwZVojWC4lm17WK6K24IAu6k",
    "expire_date": "2022-11-03T00:39:30.470Z"
  }
},
{
  "model": "sessions.session",
  "pk": "rgiygv8t1kx3ggvent1znd07d6jq7cmx",
  "fields": {
    "session_data": "eyJjYXJ0Ijp7fX0:1oksO1:AC-XhFMuBNkmU3uAcLI_aGlSo3dDGbn4QkURlF00NcI",
    "expire_date": "2022-11-01T19:36:25.395Z"
  }
},
{
  "model": "sessions.session",
  "pk": "rmielg2x3yfs66043hycgh8rpw4p8hop",
  "fields": {
    "session_data": "eyJjYXJ0Ijp7fX0:1okl5u:wjnIg6OMgwfLy52fee4LETKIJuLkOk0QwUu4ewNgEPo",
    "expire_date": "2022-11-01T11:49:14.621Z"
  }
},
{
  "model": "sessions.session",
  "pk": "sfnxvjr45it7wgb8uvwz89s0rsq9hwm8",
  "fields": {
    "session_data": ".eJxVjsEOgyAQRP-Fc0NYFwp47L3fYGDZVFsDjcrJ-O_VxkN7fTPzMqvoQl36rs48dUMSrbDi8stioBfnI0jPkB9FUsnLNER5VOSZzvJeEo-3s_sn6MPc7-tgvNFkG2O0stECeiRGBnAJjEYIjhRHj47BAiFYpfXVaoZGkWvQ71Iq9V3y92Wu47iDMC2iXbftA-ORP48:1ono0N:k5O_n25lCEA0SvTwnH-kaX9l8hTCZs82AWFrm6PBvBU",
    "expire_date": "2022-11-09T21:32:07.475Z"
  }
},
{
  "model": "sessions.session",
  "pk": "srkz033tc8nc7ycetpfalcq5u2krhevx",
  "fields": {
    "session_data": "eyJjYXJ0Ijp7fX0:1olGk8:nsht881iasCGfXsU1AHIObrOFLpFPZvj9jgYESA5SKg",
    "expire_date": "2022-11-02T21:36:52.845Z"
  }
},
{
  "model": "sessions.session",
  "pk": "sxkn0151tp3mbyfyoj6f06cvj7dlwwhq",
  "fields": {
    "session_data": "eyJjYXJ0Ijp7IjciOnsicXVhbnRpdHkiOjEsInByaWNlIjoiMjIuMDAifX19:1okthY:ig9BBCX76heY1hKzFbeag5G9y_5XlVN5TafMnCumx-k",
    "expire_date": "2022-11-01T21:00:40.180Z"
  }
},
{
  "model": "sessions.session",
  "pk": "t37bk1fztzk26gln0tv98tnish0tbaow",
  "fields": {
    "session_data": "eyJjYXJ0Ijp7fX0:1p0h22:oD2xT2TBkHZoJIk3zuK_mXiNTXu8DP5al1QwcU5GAXQ",
    "expire_date": "2022-12-15T10:43:06.022Z"
  }
},
{
  "model": "sessions.session",
  "pk": "t6h1piv1biwedvr08qrg471jywss1prs",
  "fields": {
    "session_data": "eyJjYXJ0Ijp7fX0:1p6qpM:8mYZgNaOp7B5u6gwpEgHecGuyw4_UR-M7MIpWkqXxB0",
    "expire_date": "2023-01-01T10:23:28.870Z"
  }
},
{
  "model": "sessions.session",
  "pk": "t7ofgm0xtxdsvhqjf1jk5fn06dz8vjg2",
  "fields": {
    "session_data": "eyJjYXJ0Ijp7IjE2Ijp7InF1YW50aXR5Ijo1LCJwcmljZSI6IjU2LjAwIn19fQ:1okjLN:YaMa4R2QeNEts14P1NS9oUNPCFykYLwIgGMp5uq_HWk",
    "expire_date": "2022-11-01T09:57:05.554Z"
  }
},
{
  "model": "sessions.session",
  "pk": "tdyc7uxtiplrszjjs6r28wk3hg0fm4sb",
  "fields": {
    "session_data": ".eJxVjEsOgzAMBe_idRWFpHECy-57BuQ4dqGtQOKzQty9RWLD9s3M24BpWqDZ9hu0tC5du84ytX2BBiq4bJn4I8MBypuG12h4HJapz-ZQzEln8xyLfB-neznoaO7-tSJXodQpYp1jtB6dWvWe1QUUL56jVakLKTGxhpCSE7wnSS4jsrOw_wAtlTto:1oYlO1:o_4yfUXmyhrxisYSDaERBsWRr5WSdYki-QEIlyK-JO8",
    "expire_date": "2022-09-29T09:42:21.368Z"
  }
},
{
  "model": "sessions.session",
  "pk": "umab3qtee05yq95u37oq8qisrss866n7",
  "fields": {
    "session_data": "eyJjYXJ0Ijp7fX0:1okuo6:GUy9_FDn6lBfB41TYYImhMXkWUzv2Bzi-eHp5OOFu8g",
    "expire_date": "2022-11-01T22:11:30.143Z"
  }
},
{
  "model": "sessions.session",
  "pk": "uqdwt8li716t2h2se5elux280v1lzf7l",
  "fields": {
    "session_data": "eyJjYXJ0Ijp7fX0:1olYLp:C-JQs_NyfsmKwJpRO8zgY-GreuoxDjbN_TLxJCOdBnw",
    "expire_date": "2022-11-03T16:24:57.522Z"
  }
},
{
  "model": "sessions.session",
  "pk": "vcl9gvi2e6gr58kqh5pupdb47hxrc4o8",
  "fields": {
    "session_data": "eyJjYXJ0Ijp7fX0:1okidb:E3YmEpphL9qEWSTbFgeJMGsboiizwe6AfeLh7vRZfBE",
    "expire_date": "2022-11-01T09:11:51.922Z"
  }
},
{
  "model": "sessions.session",
  "pk": "vjcan1d1i8cujfmstp04k56coa3v99gx",
  "fields": {
    "session_data": "eyJjYXJ0Ijp7fX0:1p6qu4:FsEQ-MwAFPUYjRUTDM1wnN_AnwQS-nayKGiTgeLbFAc",
    "expire_date": "2023-01-01T10:28:20.332Z"
  }
},
{
  "model": "sessions.session",
  "pk": "vswxxvyl8gfmp7urse6jc3px1xoh3pqi",
  "fields": {
    "session_data": "eyJjYXJ0Ijp7fX0:1osNhS:RNUUeuHwrsrtbrz8f7i22pUg3-3Z1VBC-6dLsuN8W9o",
    "expire_date": "2022-11-22T12:27:30.272Z"
  }
},
{
  "model": "sessions.session",
  "pk": "w5s60zvpbh2eijj1a88zuirqnomg6pho",
  "fields": {
    "session_data": "eyJjYXJ0Ijp7fX0:1oktKK:WVNTQSjSp_jXoR9ttoEzEFGyX1x7saNCYtmgtVFQopY",
    "expire_date": "2022-11-01T20:36:40.200Z"
  }
},
{
  "model": "sessions.session",
  "pk": "we7l1chfpq84b7sskofz34ceslbl3mmh",
  "fields": {
    "session_data": "eyJjYXJ0Ijp7fX0:1otVLX:dcaeT8rWjkWhJnMlFAHlgMMkeL8bo-_tHdb5W16qqL0",
    "expire_date": "2022-11-25T14:49:31.730Z"
  }
},
{
  "model": "sessions.session",
  "pk": "wqat3tjnkret6j1zqtxdvmklcfbt5z97",
  "fields": {
    "session_data": "eyJjYXJ0Ijp7fX0:1p6qjF:9O3CulwGzIFSEPFJ5WFGeDI3S6rqmK6mT1Yyb-mHnAk",
    "expire_date": "2023-01-01T10:17:09.330Z"
  }
},
{
  "model": "sessions.session",
  "pk": "wr27xkdrx4mu86niyw3u4tekouktbstb",
  "fields": {
    "session_data": ".eJxVjDsOgzAQBe-ydWThD7FNmT5nQOv1OiaJjIRNhbh7gkRD-2bmbUC4NBi2_QYjri2Pa-VlnCIM4OGyBaQPlwPEN5bXLGgubZmCOBRx0iqec-Tv43QvBxlr_tdIgaKM2vienDROSWNdoI4pakro7qikZZsUI3vVESarJCrdaS179AT7D0m0O5o:1omPNF:7-p2s3b7_M7Y7S36fZJmPC9d1Hq5xh9fp8DkxZrNw8w",
    "expire_date": "2022-11-06T01:01:57.094Z"
  }
},
{
  "model": "sessions.session",
  "pk": "wvfhbch1tkj89cuswvzb4ktp7c9eph3a",
  "fields": {
    "session_data": "eyJjYXJ0Ijp7fX0:1p6t6b:zWvM8wx6w2wDShLAIupqKJVWH_7DuHDKvp5lzXutV-Y",
    "expire_date": "2023-01-01T12:49:25.758Z"
  }
},
{
  "model": "sessions.session",
  "pk": "wxs7vxf9fih3hekg6w0wru1a5igf2vx5",
  "fields": {
    "session_data": "eyJjYXJ0Ijp7fX0:1olGaj:6UVk1qEIu8_v8QFWKkxj_b5mBVZISxK7UF8TzjJ9oSg",
    "expire_date": "2022-11-02T21:27:09.955Z"
  }
},
{
  "model": "sessions.session",
  "pk": "x36whbe5yvwbxfzsw51cxvg9plp2xvli",
  "fields": {
    "session_data": "eyJjYXJ0Ijp7fX0:1ox2gM:K8I254DtUwvgQXP756uYFkAmo3_RAyqEKI2Nq1ju_pw",
    "expire_date": "2022-12-05T09:01:38.132Z"
  }
},
{
  "model": "sessions.session",
  "pk": "x3whwopfc7cnm0im3e5bgs2bkrzmwxph",
  "fields": {
    "session_data": "eyJjYXJ0Ijp7fX0:1p0Gkz:wBKQje5PqPUh1s-AzCx_oaRh5XQi5NAx72uyByxPT3Y",
    "expire_date": "2022-12-14T06:39:45.031Z"
  }
},
{
  "model": "sessions.session",
  "pk": "x8iup221yhv07jhxr1l93gykmil7ezus",
  "fields": {
    "session_data": "eyJjYXJ0Ijp7fX0:1oks5Y:Et8bOIIhLmIfHH7-sSyZ1djEh-6NAOFnP0hN1pbBs_c",
    "expire_date": "2022-11-01T19:17:20.046Z"
  }
},
{
  "model": "sessions.session",
  "pk": "xaqzc3ccmeo2mi5mh94ykj42tlkcaxf4",
  "fields": {
    "session_data": "eyJjYXJ0Ijp7fX0:1p6qk1:s4SMNx145c-4Hzz9vbO5LUfrCa6yTGMAjNueCs32rY0",
    "expire_date": "2023-01-01T10:17:57.637Z"
  }
},
{
  "model": "sessions.session",
  "pk": "xon9oavp9lejb71cmrdcg0k3hpi8dxsp",
  "fields": {
    "session_data": "eyJjYXJ0Ijp7fX0:1olDXu:1WKwBqvPE2fZjCdaxu8Mrih0VkMa9Plmf8mKS4NEix8",
    "expire_date": "2022-11-02T18:12:02.895Z"
  }
},
{
  "model": "sessions.session",
  "pk": "xyrpk6l43fkchyzo3tdh42k7ingcsdti",
  "fields": {
    "session_data": "eyJjYXJ0Ijp7fX0:1oks8s:GlnXwjG_lTkohLTQSvH8LAKtJapGmr5mw0wDo1Civzc",
    "expire_date": "2022-11-01T19:20:46.770Z"
  }
},
{
  "model": "sessions.session",
  "pk": "y5s4ergwbrk1si1savorfv3xndnckvwk",
  "fields": {
    "session_data": "eyJjYXJ0Ijp7fX0:1p6quL:RyMatl9cdOwwhgi_EvcfmC-H0Z4FLaR_PExTqGw5vhw",
    "expire_date": "2023-01-01T10:28:37.406Z"
  }
},
{
  "model": "sessions.session",
  "pk": "y9e7u8c082rqcwmgm9ihx7fqxd7rjvnr",
  "fields": {
    "session_data": "eyJjYXJ0Ijp7fX0:1p6ql7:natcQuuEtixehIPjBByeY5Uv71wY1lym87fFx3_6kS4",
    "expire_date": "2023-01-01T10:19:05.986Z"
  }
},
{
  "model": "sessions.session",
  "pk": "y9wzcjxr754slt2f0w5etskdmw8ae2j8",
  "fields": {
    "session_data": "eyJjYXJ0Ijp7fX0:1p6qw7:2Tccb93q3_ypSIHeO7Wdo0j7uwk1HSBieILp5ZMK9sA",
    "expire_date": "2023-01-01T10:30:27.479Z"
  }
},
{
  "model": "sessions.session",
  "pk": "yauosa6zesxglarqd09145xf3dnmcio8",
  "fields": {
    "session_data": "eyJjYXJ0Ijp7fX0:1p6qkj:GcY3bY4r33D2Vk7Tb7mbz4p9ss8FjgGibHwKNzTVV1k",
    "expire_date": "2023-01-01T10:18:41.575Z"
  }
},
{
  "model": "sessions.session",
  "pk": "ynw27sp8y1bzfw8innfie6fixdyss84n",
  "fields": {
    "session_data": "eyJjYXJ0Ijp7fX0:1orZBY:yTBEN4pnmAmd2ENKg209Uk9Z3tuTFSEMhTMrjpWdCDU",
    "expire_date": "2022-11-20T06:31:12.184Z"
  }
},
{
  "model": "sessions.session",
  "pk": "yofesqa2agj08ezykn738zg1u5izofsx",
  "fields": {
    "session_data": "eyJjYXJ0Ijp7fX0:1ol2ub:_0zfHsd3mMBOqWD8LADhidkGLUCV-1widr5tbqpoT10",
    "expire_date": "2022-11-02T06:50:45.071Z"
  }
},
{
  "model": "sessions.session",
  "pk": "yqmq93aaio5q6ymt8qhunyqa8hve11i6",
  "fields": {
    "session_data": "eyJjYXJ0Ijp7IjEzIjp7InF1YW50aXR5IjoxLCJwcmljZSI6IjU4LjYwIn19fQ:1okuzD:ZSGCijSyszI8LKf9t37-Xis_8MkqoxcIJaGwIafrd20",
    "expire_date": "2022-11-01T22:22:59.995Z"
  }
},
{
  "model": "sessions.session",
  "pk": "ywbrsvfzcl6l0kecw4k2tfljeex1ww0g",
  "fields": {
    "session_data": "eyJjYXJ0Ijp7fX0:1otVLX:dcaeT8rWjkWhJnMlFAHlgMMkeL8bo-_tHdb5W16qqL0",
    "expire_date": "2022-11-25T14:49:31.678Z"
  }
},
{
  "model": "sessions.session",
  "pk": "z1lksuz6tf2i0k2krfeak131jh8831z9",
  "fields": {
    "session_data": "eyJjYXJ0Ijp7fX0:1p6quW:cJrSIETQ85ouf_z59FwNYp_Tio78Cuvly9l75A2Bqb0",
    "expire_date": "2023-01-01T10:28:48.408Z"
  }
},
{
  "model": "sessions.session",
  "pk": "za0puqosutg5pr538q4ouqdk3nlhq4uc",
  "fields": {
    "session_data": "eyJjYXJ0Ijp7fX0:1olTTN:Yxtah8tJOBIIOlstvVFF3KPK7jlWT-jcSEpVpDaMk84",
    "expire_date": "2022-11-03T11:12:25.563Z"
  }
},
{
  "model": "sessions.session",
  "pk": "zitvsul4v8hhb9gtvt9bs5dpzlfkn1el",
  "fields": {
    "session_data": "eyJjYXJ0Ijp7fX0:1p6qjJ:yNFNZI5s2C2kRHb61ogcQC5KQgLsYNZaWLR3GAYEMRw",
    "expire_date": "2023-01-01T10:17:13.508Z"
  }
},
{
  "model": "sessions.session",
  "pk": "zjuoyanep2t8dkgm6safdgnjca8gb5pp",
  "fields": {
    "session_data": "eyJjYXJ0Ijp7fX0:1oktHj:URM75TH-VpY4ysI_Cl-ZSbSwSZNZhNdWw0kuKjIaqK8",
    "expire_date": "2022-11-01T20:33:59.048Z"
  }
},
{
  "model": "app.category",
  "pk": 1,
  "fields": {
    "name": "Computing",
    "slug": "computing",
    "image": "image/upload/v1666372089/image/shop/categories/yotdish74urc2acsxmzk.webp"
  }
},
{
  "model": "app.category",
  "pk": 2,
  "fields": {
    "name": "Clothing",
    "slug": "clothing",
    "image": "image/upload/v1666372012/image/shop/categories/twredgkguvdwpbuhdzsz.webp"
  }
},
{
  "model": "app.category",
  "pk": 3,
  "fields": {
    "name": "Shoes",
    "slug": "shoes",
    "image": "image/upload/v1666372131/image/shop/categories/exfnawclfstcyn2ejjs6.webp"
  }
},
{
  "model": "app.category",
  "pk": 4,
  "fields": {
    "name": "Phones & Tablets",
    "slug": "phones-tablets",
    "image": "image/upload/v1666372163/image/shop/categories/toq2k8ibtmmnq1kiakdv.webp"
  }
},
{
  "model": "app.category",
  "pk": 5,
  "fields": {
    "name": "Home made Dishes",
    "slug": "home-made-dishes",
    "image": "image/upload/v1666372053/image/shop/categories/rjelug6udk7xvwybde0y.webp"
  }
},
{
  "model": "app.product",
  "pk": 1,
  "fields": {
    "category": 1,
    "name": "HP Laptop 15 - Intel Core I3 - 1TB Hard Drive - 8GB RAM - Touchscreen - 10th Gen - Freedos",
    "slug": "hp-laptop-15-intel-core-i3-1tb-hard-drive-8gb-ram-touchscreen-10th-gen-freedos",
    "image": "image/upload/v1666370594/image/shop/products/gxvlxx4omkhfqq19yn7p.webp",
    "description": "Lorem ipsum dolor sit amet, consectetur adipiscing elit. Proin lobortis mollis mauris, vitae commodo arcu dictum ut. Donec vel risus viverra elit faucibus scelerisque. In hac habitasse platea dictumst. Phasellus lobortis a velit ac posuere. Nunc nisl lorem, laoreet blandit nibh ac, maximus efficitur magna. Donec at consectetur dui, eget tincidunt urna. Vivamus consequat ornare metus sit amet congue. Maecenas erat nisi, bibendum vel porttitor quis, posuere quis nulla. Integer lobortis fermentum dictum. Vestibulum malesuada sollicitudin nibh, eget gravida est tincidunt sed. Ut ac elit vitae arcu condimentum consectetur. Donec tincidunt pharetra augue, ac hendrerit nisi sollicitudin vel.",
    "price": "199.85",
    "available": true,
    "deals": false,
    "old_price": null,
    "created": "2022-09-08T22:15:29.230Z",
    "updated": "2022-10-21T16:43:15.009Z"
  }
},
{
  "model": "app.product",
  "pk": 2,
  "fields": {
    "category": 1,
    "name": "HP Stream 11 Laptop - Intel Celeron - 32GB HDD - 4GB RAM - Windows 10",
    "slug": "hp-stream-11-laptop-intel-celeron-32gb-hdd-4gb-ram-windows-10",
    "image": "image/upload/v1666370731/image/shop/products/rqgaiudipinp30mefmyc.webp",
    "description": "Lorem ipsum dolor sit amet, consectetur adipiscing elit. Proin lobortis mollis mauris, vitae commodo arcu dictum ut. Donec vel risus viverra elit faucibus scelerisque. In hac habitasse platea dictumst. Phasellus lobortis a velit ac posuere. Nunc nisl lorem, laoreet blandit nibh ac, maximus efficitur magna. Donec at consectetur dui, eget tincidunt urna. Vivamus consequat ornare metus sit amet congue. Maecenas erat nisi, bibendum vel porttitor quis, posuere quis nulla. Integer lobortis fermentum dictum. Vestibulum malesuada sollicitudin nibh, eget gravida est tincidunt sed. Ut ac elit vitae arcu condimentum consectetur. Donec tincidunt pharetra augue, ac hendrerit nisi sollicitudin vel.",
    "price": "199.05",
    "available": false,
    "deals": true,
    "old_price": "202.50",
    "created": "2022-09-09T10:39:16.910Z",
    "updated": "2022-10-21T16:45:31.696Z"
  }
},
{
  "model": "app.product",
  "pk": 3,
  "fields": {
    "category": 1,
    "name": "Dell Inspiron 15 3000 Series (3501) 8GB/256GB SSD Core i5-1135G7 11th Gen W10",
    "slug": "dell-inspiron-15-3000-series-3501-8gb256gb-ssd-core-i5-1135g7-11th-gen-w10",
    "image": "image/upload/v1666370480/image/shop/products/lwb4nemlcc5ioz5p63u5.webp",
    "description": "Lorem ipsum dolor sit amet, consectetur adipiscing elit. Proin lobortis mollis mauris, vitae commodo arcu dictum ut. Donec vel risus viverra elit faucibus scelerisque. In hac habitasse platea dictumst. Phasellus lobortis a velit ac posuere. Nunc nisl lorem, laoreet blandit nibh ac, maximus efficitur magna. Donec at consectetur dui, eget tincidunt urna. Vivamus consequat ornare metus sit amet congue. Maecenas erat nisi, bibendum vel porttitor quis, posuere quis nulla. Integer lobortis fermentum dictum. Vestibulum malesuada sollicitudin nibh, eget gravida est tincidunt sed. Ut ac elit vitae arcu condimentum consectetur. Donec tincidunt pharetra augue, ac hendrerit nisi sollicitudin vel.",
    "price": "205.00",
    "available": true,
    "deals": false,
    "old_price": null,
    "created": "2022-09-09T10:40:57.168Z",
    "updated": "2022-10-21T16:41:21.354Z"
  }
},
{
  "model": "app.product",
  "pk": 4,
  "fields": {
    "category": 1,
    "name": "HP Laptop 15 - Intel Pentium- 1TB Hard Drive - 8GB RAM - Windows 10 - 10th Gen-Silver",
    "slug": "hp-laptop-15-intel-pentium-1tb-hard-drive-8gb-ram-windows-10-10th-gen-silver",
    "image": "image/upload/v1666370637/image/shop/products/n0canehjknnvljxot7gs.webp",
    "description": "Lorem ipsum dolor sit amet, consectetur adipiscing elit. Proin lobortis mollis mauris, vitae commodo arcu dictum ut. Donec vel risus viverra elit faucibus scelerisque. In hac habitasse platea dictumst. Phasellus lobortis a velit ac posuere. Nunc nisl lorem, laoreet blandit nibh ac, maximus efficitur magna. Donec at consectetur dui, eget tincidunt urna. Vivamus consequat ornare metus sit amet congue. Maecenas erat nisi, bibendum vel porttitor quis, posuere quis nulla. Integer lobortis fermentum dictum. Vestibulum malesuada sollicitudin nibh, eget gravida est tincidunt sed. Ut ac elit vitae arcu condimentum consectetur. Donec tincidunt pharetra augue, ac hendrerit nisi sollicitudin vel.",
    "price": "200.00",
    "available": true,
    "deals": false,
    "old_price": null,
    "created": "2022-09-09T10:42:35.355Z",
    "updated": "2022-10-21T16:43:57.598Z"
  }
},
{
  "model": "app.product",
  "pk": 5,
  "fields": {
    "category": 2,
    "name": "Blue Long sleeve shirt",
    "slug": "blue-long-sleeve-shirt",
    "image": "image/upload/v1666370201/image/shop/products/ojquxis95n4gtmjlfrdh.jpg",
    "description": "Lorem ipsum dolor sit amet, consectetur adipiscing elit. Proin lobortis mollis mauris, vitae commodo arcu dictum ut. Donec vel risus viverra elit faucibus scelerisque. In hac habitasse platea dictumst. Phasellus lobortis a velit ac posuere. Nunc nisl lorem, laoreet blandit nibh ac, maximus efficitur magna. Donec at consectetur dui, eget tincidunt urna. Vivamus consequat ornare metus sit amet congue. Maecenas erat nisi, bibendum vel porttitor quis, posuere quis nulla. Integer lobortis fermentum dictum. Vestibulum malesuada sollicitudin nibh, eget gravida est tincidunt sed. Ut ac elit vitae arcu condimentum consectetur. Donec tincidunt pharetra augue, ac hendrerit nisi sollicitudin vel.",
    "price": "30.00",
    "available": true,
    "deals": false,
    "old_price": null,
    "created": "2022-10-03T19:48:45.853Z",
    "updated": "2022-10-21T16:36:42.126Z"
  }
},
{
  "model": "app.product",
  "pk": 6,
  "fields": {
    "category": 2,
    "name": "Men's Yellow Hoodie",
    "slug": "mens-yellow-hoodie",
    "image": "image/upload/v1666370983/image/shop/products/idjpapc7bq1ryjqxpusi.webp",
    "description": "Lorem ipsum dolor sit amet, consectetur adipiscing elit. Proin lobortis mollis mauris, vitae commodo arcu dictum ut. Donec vel risus viverra elit faucibus scelerisque. In hac habitasse platea dictumst. Phasellus lobortis a velit ac posuere. Nunc nisl lorem, laoreet blandit nibh ac, maximus efficitur magna. Donec at consectetur dui, eget tincidunt urna. Vivamus consequat ornare metus sit amet congue. Maecenas erat nisi, bibendum vel porttitor quis, posuere quis nulla. Integer lobortis fermentum dictum. Vestibulum malesuada sollicitudin nibh, eget gravida est tincidunt sed. Ut ac elit vitae arcu condimentum consectetur. Donec tincidunt pharetra augue, ac hendrerit nisi sollicitudin vel.",
    "price": "25.00",
    "available": false,
    "deals": true,
    "old_price": "30.00",
    "created": "2022-10-03T19:56:12.846Z",
    "updated": "2022-10-21T16:49:43.860Z"
  }
},
{
  "model": "app.product",
  "pk": 7,
  "fields": {
    "category": 2,
    "name": "Men's Stripe Design Long Sleeve Shirt",
    "slug": "mens-stripe-design-long-sleeve-shirt",
    "image": "image/upload/v1666370949/image/shop/products/qihh5lr6yjyqrraryl7i.webp",
    "description": "Lorem ipsum dolor sit amet, consectetur adipiscing elit. Proin lobortis mollis mauris, vitae commodo arcu dictum ut. Donec vel risus viverra elit faucibus scelerisque. In hac habitasse platea dictumst. Phasellus lobortis a velit ac posuere. Nunc nisl lorem, laoreet blandit nibh ac, maximus efficitur magna. Donec at consectetur dui, eget tincidunt urna. Vivamus consequat ornare metus sit amet congue. Maecenas erat nisi, bibendum vel porttitor quis, posuere quis nulla. Integer lobortis fermentum dictum. Vestibulum malesuada sollicitudin nibh, eget gravida est tincidunt sed. Ut ac elit vitae arcu condimentum consectetur. Donec tincidunt pharetra augue, ac hendrerit nisi sollicitudin vel.",
    "price": "22.00",
    "available": false,
    "deals": true,
    "old_price": "25.90",
    "created": "2022-10-03T19:57:50.231Z",
    "updated": "2022-10-21T16:49:09.756Z"
  }
},
{
  "model": "app.product",
  "pk": 8,
  "fields": {
    "category": 4,
    "name": "Infinix Hot 12 Play - 6.82\" - 64GB ROM - 4GB RAM - Dual SIM - 4G LTE - Fingerprint - 6000mAh - Green",
    "slug": "infinix-hot-12-play-682-64gb-rom-4gb-ram-dual-sim-4g-lte-fingerprint-6000mah-green",
    "image": "image/upload/v1666370797/image/shop/products/goi8hceukrzirctggvje.webp",
    "description": "Lorem ipsum dolor sit amet, consectetur adipiscing elit. Proin lobortis mollis mauris, vitae commodo arcu dictum ut. Donec vel risus viverra elit faucibus scelerisque. In hac habitasse platea dictumst. Phasellus lobortis a velit ac posuere. Nunc nisl lorem, laoreet blandit nibh ac, maximus efficitur magna. Donec at consectetur dui, eget tincidunt urna. Vivamus consequat ornare metus sit amet congue. Maecenas erat nisi, bibendum vel porttitor quis, posuere quis nulla. Integer lobortis fermentum dictum. Vestibulum malesuada sollicitudin nibh, eget gravida est tincidunt sed. Ut ac elit vitae arcu condimentum consectetur. Donec tincidunt pharetra augue, ac hendrerit nisi sollicitudin vel.",
    "price": "158.05",
    "available": true,
    "deals": false,
    "old_price": null,
    "created": "2022-10-03T19:59:26.477Z",
    "updated": "2022-10-21T16:46:37.759Z"
  }
},
{
  "model": "app.product",
  "pk": 9,
  "fields": {
    "category": 4,
    "name": "Xiaomi Redmi 10 - 6.5\" - 64GB ROM - 4GB RAM - 50MP - Dual Sim - 4G LTE - 5000mAh - Fingerprint - Blue",
    "slug": "xiaomi-redmi-10-65-64gb-rom-4gb-ram-50mp-dual-sim-4g-lte-5000mah-fingerprint-blue",
    "image": "image/upload/v1666371100/image/shop/products/wj0gz56z6if5jczrip1p.webp",
    "description": "Lorem ipsum dolor sit amet, consectetur adipiscing elit. Proin lobortis mollis mauris, vitae commodo arcu dictum ut. Donec vel risus viverra elit faucibus scelerisque. In hac habitasse platea dictumst. Phasellus lobortis a velit ac posuere. Nunc nisl lorem, laoreet blandit nibh ac, maximus efficitur magna. Donec at consectetur dui, eget tincidunt urna. Vivamus consequat ornare metus sit amet congue. Maecenas erat nisi, bibendum vel porttitor quis, posuere quis nulla. Integer lobortis fermentum dictum. Vestibulum malesuada sollicitudin nibh, eget gravida est tincidunt sed. Ut ac elit vitae arcu condimentum consectetur. Donec tincidunt pharetra augue, ac hendrerit nisi sollicitudin vel.",
    "price": "179.00",
    "available": true,
    "deals": false,
    "old_price": null,
    "created": "2022-10-03T20:00:57.297Z",
    "updated": "2022-10-21T16:51:40.443Z"
  }
},
{
  "model": "app.product",
  "pk": 10,
  "fields": {
    "category": 4,
    "name": "Apple iPhone 13 Pro Max - 256GB ROM - 6GB RAM - 5g - Graphite",
    "slug": "apple-iphone-13-pro-max-256gb-rom-6gb-ram-5g-graphite",
    "image": "image/upload/v1666370144/image/shop/products/k3trhjdrtyxpojlnwt14.webp",
    "description": "Lorem ipsum dolor sit amet, consectetur adipiscing elit. Proin lobortis mollis mauris, vitae commodo arcu dictum ut. Donec vel risus viverra elit faucibus scelerisque. In hac habitasse platea dictumst. Phasellus lobortis a velit ac posuere. Nunc nisl lorem, laoreet blandit nibh ac, maximus efficitur magna. Donec at consectetur dui, eget tincidunt urna. Vivamus consequat ornare metus sit amet congue. Maecenas erat nisi, bibendum vel porttitor quis, posuere quis nulla. Integer lobortis fermentum dictum. Vestibulum malesuada sollicitudin nibh, eget gravida est tincidunt sed. Ut ac elit vitae arcu condimentum consectetur. Donec tincidunt pharetra augue, ac hendrerit nisi sollicitudin vel.",
    "price": "1486.00",
    "available": true,
    "deals": false,
    "old_price": null,
    "created": "2022-10-03T20:02:45.763Z",
    "updated": "2022-10-21T16:35:44.934Z"
  }
},
{
  "model": "app.product",
  "pk": 11,
  "fields": {
    "category": 3,
    "name": "Boy's Luca Sneaker",
    "slug": "boys-luca-sneaker",
    "image": "image/upload/v1666370241/image/shop/products/sseg8cdtadnf6rr6cdst.webp",
    "description": "Lorem ipsum dolor sit amet, consectetur adipiscing elit. Proin lobortis mollis mauris, vitae commodo arcu dictum ut. Donec vel risus viverra elit faucibus scelerisque. In hac habitasse platea dictumst. Phasellus lobortis a velit ac posuere. Nunc nisl lorem, laoreet blandit nibh ac, maximus efficitur magna. Donec at consectetur dui, eget tincidunt urna. Vivamus consequat ornare metus sit amet congue. Maecenas erat nisi, bibendum vel porttitor quis, posuere quis nulla. Integer lobortis fermentum dictum. Vestibulum malesuada sollicitudin nibh, eget gravida est tincidunt sed. Ut ac elit vitae arcu condimentum consectetur. Donec tincidunt pharetra augue, ac hendrerit nisi sollicitudin vel.",
    "price": "36.00",
    "available": false,
    "deals": true,
    "old_price": "45.00",
    "created": "2022-10-03T20:14:42.131Z",
    "updated": "2022-10-21T16:37:22.112Z"
  }
},
{
  "model": "app.product",
  "pk": 12,
  "fields": {
    "category": 3,
    "name": "Men's Loafers Dress Shoes-White/Black",
    "slug": "mens-loafers-dress-shoes-whiteblack",
    "image": "image/upload/v1666370911/image/shop/products/zxaeeikspfqdyo2h7owz.webp",
    "description": "Lorem ipsum dolor sit amet, consectetur adipiscing elit. Proin lobortis mollis mauris, vitae commodo arcu dictum ut. Donec vel risus viverra elit faucibus scelerisque. In hac habitasse platea dictumst. Phasellus lobortis a velit ac posuere. Nunc nisl lorem, laoreet blandit nibh ac, maximus efficitur magna. Donec at consectetur dui, eget tincidunt urna. Vivamus consequat ornare metus sit amet congue. Maecenas erat nisi, bibendum vel porttitor quis, posuere quis nulla. Integer lobortis fermentum dictum. Vestibulum malesuada sollicitudin nibh, eget gravida est tincidunt sed. Ut ac elit vitae arcu condimentum consectetur. Donec tincidunt pharetra augue, ac hendrerit nisi sollicitudin vel.",
    "price": "15.00",
    "available": true,
    "deals": false,
    "old_price": null,
    "created": "2022-10-03T20:23:28.416Z",
    "updated": "2022-10-21T16:48:31.784Z"
  }
},
{
  "model": "app.product",
  "pk": 13,
  "fields": {
    "category": 3,
    "name": "Men Fashion Boots Pointed Leather Formal Business Soft Gold",
    "slug": "men-fashion-boots-pointed-leather-formal-business-soft-gold",
    "image": "image/upload/v1666370835/image/shop/products/u3enzxful0i3uzh8edmg.webp",
    "description": "Lorem ipsum dolor sit amet, consectetur adipiscing elit. Proin lobortis mollis mauris, vitae commodo arcu dictum ut. Donec vel risus viverra elit faucibus scelerisque. In hac habitasse platea dictumst. Phasellus lobortis a velit ac posuere. Nunc nisl lorem, laoreet blandit nibh ac, maximus efficitur magna. Donec at consectetur dui, eget tincidunt urna. Vivamus consequat ornare metus sit amet congue. Maecenas erat nisi, bibendum vel porttitor quis, posuere quis nulla. Integer lobortis fermentum dictum. Vestibulum malesuada sollicitudin nibh, eget gravida est tincidunt sed. Ut ac elit vitae arcu condimentum consectetur. Donec tincidunt pharetra augue, ac hendrerit nisi sollicitudin vel.",
    "price": "58.60",
    "available": true,
    "deals": false,
    "old_price": null,
    "created": "2022-10-03T20:57:34.732Z",
    "updated": "2022-10-21T16:47:15.426Z"
  }
},
{
  "model": "app.product",
  "pk": 14,
  "fields": {
    "category": 4,
    "name": "TECLAST T40PRO Tablet - 8GB + 128GB - 7000 MAh Battery 18W PD - 10.4 Inches",
    "slug": "teclast-t40pro-tablet-8gb-128gb-7000-mah-battery-18w-pd-104-inches",
    "image": "image/upload/v1666371028/image/shop/products/kkvsf72njzvz60s1glqy.webp",
    "description": "Lorem ipsum dolor sit amet, consectetur adipiscing elit. Proin lobortis mollis mauris, vitae commodo arcu dictum ut. Donec vel risus viverra elit faucibus scelerisque. In hac habitasse platea dictumst. Phasellus lobortis a velit ac posuere. Nunc nisl lorem, laoreet blandit nibh ac, maximus efficitur magna. Donec at consectetur dui, eget tincidunt urna. Vivamus consequat ornare metus sit amet congue. Maecenas erat nisi, bibendum vel porttitor quis, posuere quis nulla. Integer lobortis fermentum dictum. Vestibulum malesuada sollicitudin nibh, eget gravida est tincidunt sed. Ut ac elit vitae arcu condimentum consectetur. Donec tincidunt pharetra augue, ac hendrerit nisi sollicitudin vel.",
    "price": "169.80",
    "available": true,
    "deals": false,
    "old_price": null,
    "created": "2022-10-03T21:01:18.700Z",
    "updated": "2022-10-21T16:50:28.992Z"
  }
},
{
  "model": "app.product",
  "pk": 15,
  "fields": {
    "category": 1,
    "name": "Canon Pixma TS3440 AIO Wireless Printer Print, Scan & Copy - Black",
    "slug": "canon-pixma-ts3440-aio-wireless-printer-print-scan-copy-black",
    "image": "image/upload/v1666370285/image/shop/products/q7k3itdatk6bcktapjwj.webp",
    "description": "Lorem ipsum dolor sit amet, consectetur adipiscing elit. Proin lobortis mollis mauris, vitae commodo arcu dictum ut. Donec vel risus viverra elit faucibus scelerisque. In hac habitasse platea dictumst. Phasellus lobortis a velit ac posuere. Nunc nisl lorem, laoreet blandit nibh ac, maximus efficitur magna. Donec at consectetur dui, eget tincidunt urna. Vivamus consequat ornare metus sit amet congue. Maecenas erat nisi, bibendum vel porttitor quis, posuere quis nulla. Integer lobortis fermentum dictum. Vestibulum malesuada sollicitudin nibh, eget gravida est tincidunt sed. Ut ac elit vitae arcu condimentum consectetur. Donec tincidunt pharetra augue, ac hendrerit nisi sollicitudin vel.",
    "price": "79.03",
    "available": true,
    "deals": false,
    "old_price": null,
    "created": "2022-10-03T21:03:40.324Z",
    "updated": "2022-10-21T16:38:06.029Z"
  }
},
{
  "model": "app.product",
  "pk": 16,
  "fields": {
    "category": 1,
    "name": "58mm Wireless Mini Portable Thermal Printer",
    "slug": "58mm-wireless-mini-portable-thermal-printer",
    "image": "image/upload/v1666370060/image/shop/products/pxarev3lavlgxhjhoeoe.webp",
    "description": "Lorem ipsum dolor sit amet, consectetur adipiscing elit. Proin lobortis mollis mauris, vitae commodo arcu dictum ut. Donec vel risus viverra elit faucibus scelerisque. In hac habitasse platea dictumst. Phasellus lobortis a velit ac posuere. Nunc nisl lorem, laoreet blandit nibh ac, maximus efficitur magna. Donec at consectetur dui, eget tincidunt urna. Vivamus consequat ornare metus sit amet congue. Maecenas erat nisi, bibendum vel porttitor quis, posuere quis nulla. Integer lobortis fermentum dictum. Vestibulum malesuada sollicitudin nibh, eget gravida est tincidunt sed. Ut ac elit vitae arcu condimentum consectetur. Donec tincidunt pharetra augue, ac hendrerit nisi sollicitudin vel.",
    "price": "56.00",
    "available": false,
    "deals": true,
    "old_price": "60.00",
    "created": "2022-10-03T21:05:21.264Z",
    "updated": "2022-10-21T16:34:21.554Z"
  }
},
{
  "model": "app.product",
  "pk": 17,
  "fields": {
    "category": 5,
    "name": "French fries",
    "slug": "french-fries",
    "image": "image/upload/v1666370537/image/shop/products/bihktfp5fhk3ns7orbgq.webp",
    "description": "Lorem ipsum dolor sit amet, consectetur adipiscing elit. Proin lobortis mollis mauris, vitae commodo arcu dictum ut. Donec vel risus viverra elit faucibus scelerisque. In hac habitasse platea dictumst. Phasellus lobortis a velit ac posuere. Nunc nisl lorem, laoreet blandit nibh ac, maximus efficitur magna. Donec at consectetur dui, eget tincidunt urna. Vivamus consequat ornare metus sit amet congue. Maecenas erat nisi, bibendum vel porttitor quis, posuere quis nulla. Integer lobortis fermentum dictum. Vestibulum malesuada sollicitudin nibh, eget gravida est tincidunt sed. Ut ac elit vitae arcu condimentum consectetur. Donec tincidunt pharetra augue, ac hendrerit nisi sollicitudin vel.",
    "price": "10.00",
    "available": true,
    "deals": false,
    "old_price": null,
    "created": "2022-10-03T21:09:05.508Z",
    "updated": "2022-10-21T16:42:17.558Z"
  }
},
{
  "model": "app.product",
  "pk": 18,
  "fields": {
    "category": 3,
    "name": "Men's Large Size Business Casual Formal Shoes- Black/ Blue",
    "slug": "mens-large-size-business-casual-formal-shoes-black-blue",
    "image": "image/upload/v1666370873/image/shop/products/hyzaj9woh2iby0q9uzjk.webp",
    "description": "Lorem ipsum dolor sit amet, consectetur adipiscing elit. Proin lobortis mollis mauris, vitae commodo arcu dictum ut. Donec vel risus viverra elit faucibus scelerisque. In hac habitasse platea dictumst. Phasellus lobortis a velit ac posuere. Nunc nisl lorem, laoreet blandit nibh ac, maximus efficitur magna. Donec at consectetur dui, eget tincidunt urna. Vivamus consequat ornare metus sit amet congue. Maecenas erat nisi, bibendum vel porttitor quis, posuere quis nulla. Integer lobortis fermentum dictum. Vestibulum malesuada sollicitudin nibh, eget gravida est tincidunt sed. Ut ac elit vitae arcu condimentum consectetur. Donec tincidunt pharetra augue, ac hendrerit nisi sollicitudin vel.",
    "price": "15.00",
    "available": true,
    "deals": false,
    "old_price": null,
    "created": "2022-10-07T14:18:28.151Z",
    "updated": "2022-10-21T16:47:54.095Z"
  }
},
{
  "model": "app.product",
  "pk": 19,
  "fields": {
    "category": 1,
    "name": "Telenet Latest 4G LTE SuperFast Mobile WiFi For All Networks",
    "slug": "telenet-latest-4g-lte-superfast-mobile-wifi-for-all-networks",
    "image": "image/upload/v1666371066/image/shop/products/dyuefeir6k61yqpiwzda.webp",
    "description": "Lorem ipsum dolor sit amet, consectetur adipiscing elit. Proin lobortis mollis mauris, vitae commodo arcu dictum ut. Donec vel risus viverra elit faucibus scelerisque. In hac habitasse platea dictumst. Phasellus lobortis a velit ac posuere. Nunc nisl lorem, laoreet blandit nibh ac, maximus efficitur magna. Donec at consectetur dui, eget tincidunt urna. Vivamus consequat ornare metus sit amet congue. Maecenas erat nisi, bibendum vel porttitor quis, posuere quis nulla. Integer lobortis fermentum dictum. Vestibulum malesuada sollicitudin nibh, eget gravida est tincidunt sed. Ut ac elit vitae arcu condimentum consectetur. Donec tincidunt pharetra augue, ac hendrerit nisi sollicitudin vel.",
    "price": "23.02",
    "available": true,
    "deals": false,
    "old_price": null,
    "created": "2022-10-07T14:22:55.523Z",
    "updated": "2022-10-21T16:51:06.464Z"
  }
},
{
  "model": "app.product",
  "pk": 20,
  "fields": {
    "category": 1,
    "name": "Hp Notebook 14 - INTEL CORE I5 - 16GB RAM -1TB HDD - Windows 10 PRO +Free Mouse",
    "slug": "hp-notebook-14-intel-core-i5-16gb-ram-1tb-hdd-windows-10-pro-free-mous",
    "image": "image/upload/v1666370687/image/shop/products/u2rt6l8hnm7cnownzye4.webp",
    "description": "Lorem ipsum dolor sit amet, consectetur adipiscing elit. Proin lobortis mollis mauris, vitae commodo arcu dictum ut. Donec vel risus viverra elit faucibus scelerisque. In hac habitasse platea dictumst. Phasellus lobortis a velit ac posuere. Nunc nisl lorem, laoreet blandit nibh ac, maximus efficitur magna. Donec at consectetur dui, eget tincidunt urna. Vivamus consequat ornare metus sit amet congue. Maecenas erat nisi, bibendum vel porttitor quis, posuere quis nulla. Integer lobortis fermentum dictum. Vestibulum malesuada sollicitudin nibh, eget gravida est tincidunt sed. Ut ac elit vitae arcu condimentum consectetur. Donec tincidunt pharetra augue, ac hendrerit nisi sollicitudin vel.",
    "price": "340.50",
    "available": true,
    "deals": false,
    "old_price": null,
    "created": "2022-10-07T14:33:15.569Z",
    "updated": "2022-10-21T16:44:47.462Z"
  }
},
{
  "model": "app.product",
  "pk": 21,
  "fields": {
    "category": 2,
    "name": "Danami Black Bold & Beautiful Hoodie- Dark Grey",
    "slug": "danami-black-bold-beautiful-hoodie-dark-grey",
    "image": "image/upload/v1666370323/image/shop/products/rvrpc9wfqtnnl70gydlw.webp",
    "description": "Lorem ipsum dolor sit amet, consectetur adipiscing elit. Proin lobortis mollis mauris, vitae commodo arcu dictum ut. Donec vel risus viverra elit faucibus scelerisque. In hac habitasse platea dictumst. Phasellus lobortis a velit ac posuere. Nunc nisl lorem, laoreet blandit nibh ac, maximus efficitur magna. Donec at consectetur dui, eget tincidunt urna. Vivamus consequat ornare metus sit amet congue. Maecenas erat nisi, bibendum vel porttitor quis, posuere quis nulla. Integer lobortis fermentum dictum. Vestibulum malesuada sollicitudin nibh, eget gravida est tincidunt sed. Ut ac elit vitae arcu condimentum consectetur. Donec tincidunt pharetra augue, ac hendrerit nisi sollicitudin vel.",
    "price": "10.50",
    "available": false,
    "deals": true,
    "old_price": "12.90",
    "created": "2022-10-07T14:37:16.969Z",
    "updated": "2022-10-21T16:38:43.651Z"
  }
},
{
  "model": "app.product",
  "pk": 24,
  "fields": {
    "category": 3,
    "name": "Adidas CORE SNEAKERS ULTIMASHOW",
    "slug": "adidas-core-sneakers-ultimashow",
    "image": "image/upload/v1666370002/image/shop/products/xcrf13vekkqx6jxt4iua.webp",
    "description": "Lorem ipsum dolor sit amet, consectetur adipiscing elit. Proin lobortis mollis mauris, vitae commodo arcu dictum ut. Donec vel risus viverra elit faucibus scelerisque. In hac habitasse platea dictumst. Phasellus lobortis a velit ac posuere. Nunc nisl lorem, laoreet blandit nibh ac, maximus efficitur magna. Donec at consectetur dui, eget tincidunt urna. Vivamus consequat ornare metus sit amet congue. Maecenas erat nisi, bibendum vel porttitor quis, posuere quis nulla. Integer lobortis fermentum dictum. Vestibulum malesuada sollicitudin nibh, eget gravida est tincidunt sed. Ut ac elit vitae arcu condimentum consectetur. Donec tincidunt pharetra augue, ac hendrerit nisi sollicitudin vel.",
    "price": "79.05",
    "available": false,
    "deals": true,
    "old_price": "83.00",
    "created": "2022-10-21T16:33:23.017Z",
    "updated": "2022-10-21T16:33:23.018Z"
  }
},
{
  "model": "app.newsletter",
  "pk": 17,
  "fields": {
    "email": "ferdinandchidera49@gmail.com"
  }
},
{
  "model": "app.newsletter",
  "pk": 18,
  "fields": {
    "email": "07065175723ferdinand@gmail.com"
  }
},
{
  "model": "account.customer",
  "pk": 3,
  "fields": {
    "user": 1,
    "address": "America",
    "postal_code": "34521",
    "country": "US",
    "state": "Washington",
    "city": "London",
    "phone_number": "+12125552368",
    "created": "2022-09-20T21:04:36.410Z",
    "updated": "2022-11-04T16:23:14.306Z",
    "paid": false
  }
},
{
  "model": "account.customer",
  "pk": 4,
  "fields": {
    "user": 5,
    "address": "Nigeria",
    "postal_code": "143543",
    "country": "AF",
    "state": "Akwa Ibom",
    "city": "Uyo",
    "phone_number": "+2349073006383",
    "created": "2022-10-19T13:18:52.715Z",
    "updated": "2022-10-19T13:18:52.715Z",
    "paid": false
  }
},
{
  "model": "account.customer",
  "pk": 6,
  "fields": {
    "user": 7,
    "address": "Unizik tempsite awka",
    "postal_code": "420109",
    "country": "NG",
    "state": "Anambra",
    "city": "Awka",
    "phone_number": "+2348118185345",
    "created": "2022-10-19T20:39:12.901Z",
    "updated": "2022-10-21T21:02:06.214Z",
    "paid": false
  }
},
{
  "model": "account.customer",
  "pk": 7,
  "fields": {
    "user": 8,
    "address": "Awak",
    "postal_code": "420102",
    "country": "AF",
    "state": "Ankra",
    "city": "Audatr",
    "phone_number": "+12125552368",
    "created": "2022-10-22T09:23:48.323Z",
    "updated": "2022-10-22T09:23:48.323Z",
    "paid": false
  }
},
{
  "model": "users.customuser",
  "pk": 1,
  "fields": {
    "password": "md5$pmMvL12wukjD3oSGywCtKc$23654429db9a8102b48dc2b063afc069",
    "last_login": "2022-12-18T10:19:22.181Z",
    "is_superuser": true,
    "first_name": "Leonard",
    "last_name": "Santiago",
    "is_staff": true,
    "is_active": true,
    "date_joined": "2022-09-08T22:08:48.517Z",
    "email": "ferdmediagroups@gmail.com",
    "groups": [],
    "user_permissions": []
  }
},
{
  "model": "users.customuser",
  "pk": 3,
  "fields": {
    "password": "md5$gBQxEaboeXFDd5ckcqxNPA$c093e4891806365667a1af3463299123",
    "last_login": "2022-10-18T09:13:31.979Z",
    "is_superuser": false,
    "first_name": "Johnpaul",
    "last_name": "edeh",
    "is_staff": false,
    "is_active": true,
    "date_joined": "2022-10-18T09:13:30.637Z",
    "email": "edehjohnpaul@gmail.com",
    "groups": [],
    "user_permissions": []
  }
},
{
  "model": "users.customuser",
  "pk": 4,
  "fields": {
    "password": "md5$qWA4sbUzdwIadu66HFFecu$e70b795f5a06aabf541e312745c322bf",
    "last_login": "2022-10-18T20:34:38.686Z",
    "is_superuser": false,
    "first_name": "Esther",
    "last_name": "Duru",
    "is_staff": false,
    "is_active": true,
    "date_joined": "2022-10-18T20:34:37.465Z",
    "email": "Duruesther79@gmail.com",
    "groups": [],
    "user_permissions": []
  }
},
{
  "model": "users.customuser",
  "pk": 5,
  "fields": {
    "password": "md5$3ARegeSWecC7puowxyGF6A$b3ebb8f913b6c4ef4c14a35fb57f43a2",
    "last_login": "2022-10-19T13:18:04.726Z",
    "is_superuser": false,
    "first_name": "Ukeme",
    "last_name": "Bassey",
    "is_staff": false,
    "is_active": true,
    "date_joined": "2022-10-19T13:18:02.431Z",
    "email": "basseyukemme@gmail.com",
    "groups": [],
    "user_permissions": []
  }
},
{
  "model": "users.customuser",
  "pk": 7,
  "fields": {
    "password": "md5$9vdawYmiGhNrFqcr5KHJoi$1f731a302866802fb6c76a7a4a43dc59",
    "last_login": "2022-10-21T20:53:15.006Z",
    "is_superuser": false,
    "first_name": "Ferdinand",
    "last_name": "Chidera",
    "is_staff": false,
    "is_active": true,
    "date_joined": "2022-10-19T20:38:56.446Z",
    "email": "ferdinandchidera49@gmail.com",
    "groups": [],
    "user_permissions": []
  }
},
{
  "model": "users.customuser",
  "pk": 8,
  "fields": {
    "password": "md5$2ddZgWKzoFbsC92p6eX0T3$c72ed6c9fece681cbd9b0294554388e4",
    "last_login": "2022-10-22T09:22:25.705Z",
    "is_superuser": false,
    "first_name": "Gabriel",
    "last_name": "Ekene",
    "is_staff": false,
    "is_active": true,
    "date_joined": "2022-10-22T09:22:24.238Z",
    "email": "izuco42@yahoo.com",
    "groups": [],
    "user_permissions": []
  }
},
{
  "model": "users.customuser",
  "pk": 9,
  "fields": {
    "password": "md5$rJdYlgFp9GpZ1F3p9QbCyt$c00933ed20f14dd383f59d8632a6e6f2",
    "last_login": "2022-10-23T00:59:16.596Z",
    "is_superuser": false,
    "first_name": "Damilare",
    "last_name": "Onifade",
    "is_staff": false,
    "is_active": true,
    "date_joined": "2022-10-23T00:59:15.175Z",
    "email": "damilareonifade24@gmail.com",
    "groups": [],
    "user_permissions": []
  }
},
{
  "model": "coupon.coupon",
  "pk": 1,
  "fields": {
    "code": "SUMMER",
    "used": 1,
    "valid_from": "2022-09-30T22:42:00Z",
    "valid_to": "2022-10-31T22:42:00Z",
    "discount": 20,
    "active": true
  }
},
{
  "model": "coupon.coupon",
  "pk": 2,
  "fields": {
    "code": "CODING",
    "used": 1,
    "valid_from": "2022-10-17T22:42:00Z",
    "valid_to": "2022-10-31T22:42:00Z",
    "discount": 10,
    "active": true
  }
}
]
