[
{
    "model": "sessions.session",
    "pk": "16fdbtpenbl3ydvogqpi782w1dook92r",
    "fields": {
        "session_data": "eyJjYXJ0Ijp7fX0:1oXVmm:Y31dUy3KDBpbaqFxIWD0X_kjOGLzG3WWR5V0KOAqb38",
        "expire_date": "2022-09-25T22:50:44.919Z"
    }
},
{
    "model": "sessions.session",
    "pk": "60n24dtr8nfvhfuc7r0jo6voyt4kvn7g",
    "fields": {
        "session_data": "eyJjYXJ0Ijp7fX0:1ojr2T:e5tLOU3u1Zjt0tSfau8N96_tGbkRmndRbLwk8f9lSiI",
        "expire_date": "2022-10-29T23:57:57.553Z"
    }
},
{
    "model": "sessions.session",
    "pk": "9ziagz39y51gar7uxr82icrgrr7ohq32",
    "fields": {
        "session_data": ".eJxVjDEOgzAMRe_iuYqSAHHM2J0zIAebQluBFGBC3L1FYmH9772_Q8d5hXo_HtDytg7ttmhuR4EafITbmLj76HQSefP0mk03T2sekzkVc9HFNLPo93m5t4OBl-Ffk-2dq0JfiOcyOaysEgbFIiBbVk_OsxckIQplVBfQJRLWSgjLaD0cPzYfOnw:1ohysF:WQx6oIWjaeCQg7Ff5d3_h5_Oa0O3YFvWnvO_L80UQ3A",
        "expire_date": "2022-10-24T19:55:39.962Z"
    }
},
{
    "model": "sessions.session",
    "pk": "eqom8j6z4zna0sz7nvb6j9b7pvz0yfmu",
    "fields": {
        "session_data": ".eJxVjDEOgzAQBP9ydWQZDHagTJ83oLPvLjiJIDGmiBB_D0g0NFvszO4CAVOGdgG7x3fGIcf8g7a4wCfFwNBCWSutYV0v0OGc-26eOHWRNmIaOJUew4uHndATh8eowjjkFL3aFXXQSd1H4vftcE8HPU79tmZdG7auEfFehMgRktPeoDXEOpTNlcWGWlylSzRau6YgI54rKwVyKbD-AU1rRnk:1ojrs5:H6_azekJZW-oYHvh1CgnUoee6Rsci14sDgPPacT86S0",
        "expire_date": "2022-10-30T00:51:17.984Z"
    }
},
{
    "model": "sessions.session",
    "pk": "lcyo17ngenadrhbqmim2npmqqkzbo0wo",
    "fields": {
        "session_data": ".eJxVjbtuwzAMRf9Fc2voYVlUxu79BoEUqThtYRWSjA5B_r02kCULh3vuPbyrjG2oy_3xphLuY017l5ZurC7KqJeMMH_LdgL-wu1ap1y30W40nZXpSfv0WVl-Pp7dF8GKfT3W5HUOwVrQxxEHOSLNrpDzGAIZsDAbpyUWtxhPM8dodbQBwJFEFjilv9j7X22cmnQZadTj26nmvJvre2DgUlzGguhYG40GtFkoF3-AxavHP_hCT64:1okABw:wm4lPUO1wWhlXC70ceCuQzVnbh-gWliNKvYZ_Lq6ZoE",
        "expire_date": "2022-10-30T20:25:00.478Z"
    }
},
{
    "model": "sessions.session",
    "pk": "m4egfozkymc8sh2scij9g9a51mq0nju0",
    "fields": {
        "session_data": "eyJjYXJ0Ijp7IjciOnsicXVhbnRpdHkiOjEsInByaWNlIjoiMjIuMDAifX19:1ojr3P:VVOFkrycqBPJviyBj264ZynQsOHdMSUzQlccgLrhah0",
        "expire_date": "2022-10-29T23:58:55.383Z"
    }
},
{
    "model": "sessions.session",
    "pk": "p9j266ninbiz9mzj43gwop74fb3k2qme",
    "fields": {
        "session_data": "eyJjYXJ0Ijp7IjUiOnsicXVhbnRpdHkiOjEsInByaWNlIjoiMzAuMDAifX19:1ojr0g:NQxaqnD66esfDo_1nsj_hjWalXVghZzNER3cWEJEmx8",
        "expire_date": "2022-10-29T23:56:06.718Z"
    }
},
{
    "model": "sessions.session",
    "pk": "tdyc7uxtiplrszjjs6r28wk3hg0fm4sb",
    "fields": {
        "session_data": ".eJxVjEsOgzAMBe_idRWFpHECy-57BuQ4dqGtQOKzQty9RWLD9s3M24BpWqDZ9hu0tC5du84ytX2BBiq4bJn4I8MBypuG12h4HJapz-ZQzEln8xyLfB-neznoaO7-tSJXodQpYp1jtB6dWvWe1QUUL56jVakLKTGxhpCSE7wnSS4jsrOw_wAtlTto:1oYlO1:o_4yfUXmyhrxisYSDaERBsWRr5WSdYki-QEIlyK-JO8",
        "expire_date": "2022-09-29T09:42:21.368Z"
    }
},
{
    "model": "app.category",
    "pk": 1,
    "fields": {
        "name": "Computing",
        "slug": "computing",
        "image": "category/2022/09/08/dell_2.webp"
    }
},
{
    "model": "app.category",
    "pk": 2,
    "fields": {
        "name": "Clothing",
        "slug": "clothing",
        "image": "category/2022/09/08/cloth_1.webp"
    }
},
{
    "model": "app.category",
    "pk": 3,
    "fields": {
        "name": "Shoes",
        "slug": "shoes",
        "image": "category/2022/09/08/shoe_1.webp"
    }
},
{
    "model": "app.category",
    "pk": 4,
    "fields": {
        "name": "Phones & Tablets",
        "slug": "phones-tablets",
        "image": "category/2022/09/08/phone_1.webp"
    }
},
{
    "model": "app.category",
    "pk": 5,
    "fields": {
        "name": "Home made Dishes",
        "slug": "home-made-dishes",
        "image": "category/2022/09/08/food_1.webp"
    }
},
{
    "model": "app.product",
    "pk": 1,
    "fields": {
        "category": 1,
        "name": "HP Laptop 15 - Intel Core I3 - 1TB Hard Drive - 8GB RAM - Touchscreen - 10th Gen - Freedos",
        "slug": "hp-laptop-15-intel-core-i3-1tb-hard-drive-8gb-ram-touchscreen-10th-gen-freedos",
        "image": "product/2022/09/08/204979_1657817411.webp",
        "description": "Lorem ipsum dolor sit amet, consectetur adipiscing elit. Proin lobortis mollis mauris, vitae commodo arcu dictum ut. Donec vel risus viverra elit faucibus scelerisque. In hac habitasse platea dictumst. Phasellus lobortis a velit ac posuere. Nunc nisl lorem, laoreet blandit nibh ac, maximus efficitur magna. Donec at consectetur dui, eget tincidunt urna. Vivamus consequat ornare metus sit amet congue. Maecenas erat nisi, bibendum vel porttitor quis, posuere quis nulla. Integer lobortis fermentum dictum. Vestibulum malesuada sollicitudin nibh, eget gravida est tincidunt sed. Ut ac elit vitae arcu condimentum consectetur. Donec tincidunt pharetra augue, ac hendrerit nisi sollicitudin vel.",
        "price": "199.85",
        "available": true,
        "deals": false,
        "old_price": null,
        "created": "2022-09-08T22:15:29.230Z",
        "updated": "2022-09-08T22:15:29.230Z"
    }
},
{
    "model": "app.product",
    "pk": 2,
    "fields": {
        "category": 1,
        "name": "HP Stream 11 Laptop - Intel Celeron - 32GB HDD - 4GB RAM - Windows 10",
        "slug": "hp-stream-11-laptop-intel-celeron-32gb-hdd-4gb-ram-windows-10",
        "image": "product/2022/09/09/160353_1621089322.webp",
        "description": "Lorem ipsum dolor sit amet, consectetur adipiscing elit. Proin lobortis mollis mauris, vitae commodo arcu dictum ut. Donec vel risus viverra elit faucibus scelerisque. In hac habitasse platea dictumst. Phasellus lobortis a velit ac posuere. Nunc nisl lorem, laoreet blandit nibh ac, maximus efficitur magna. Donec at consectetur dui, eget tincidunt urna. Vivamus consequat ornare metus sit amet congue. Maecenas erat nisi, bibendum vel porttitor quis, posuere quis nulla. Integer lobortis fermentum dictum. Vestibulum malesuada sollicitudin nibh, eget gravida est tincidunt sed. Ut ac elit vitae arcu condimentum consectetur. Donec tincidunt pharetra augue, ac hendrerit nisi sollicitudin vel.",
        "price": "199.05",
        "available": false,
        "deals": true,
        "old_price": "202.50",
        "created": "2022-09-09T10:39:16.910Z",
        "updated": "2022-10-07T14:20:58.925Z"
    }
},
{
    "model": "app.product",
    "pk": 3,
    "fields": {
        "category": 1,
        "name": "Dell Inspiron 15 3000 Series (3501) 8GB/256GB SSD Core i5-1135G7 11th Gen W10",
        "slug": "dell-inspiron-15-3000-series-3501-8gb256gb-ssd-core-i5-1135g7-11th-gen-w10",
        "image": "product/2022/09/09/dell.webp",
        "description": "Lorem ipsum dolor sit amet, consectetur adipiscing elit. Proin lobortis mollis mauris, vitae commodo arcu dictum ut. Donec vel risus viverra elit faucibus scelerisque. In hac habitasse platea dictumst. Phasellus lobortis a velit ac posuere. Nunc nisl lorem, laoreet blandit nibh ac, maximus efficitur magna. Donec at consectetur dui, eget tincidunt urna. Vivamus consequat ornare metus sit amet congue. Maecenas erat nisi, bibendum vel porttitor quis, posuere quis nulla. Integer lobortis fermentum dictum. Vestibulum malesuada sollicitudin nibh, eget gravida est tincidunt sed. Ut ac elit vitae arcu condimentum consectetur. Donec tincidunt pharetra augue, ac hendrerit nisi sollicitudin vel.",
        "price": "205.00",
        "available": true,
        "deals": false,
        "old_price": null,
        "created": "2022-09-09T10:40:57.168Z",
        "updated": "2022-10-07T14:44:40.261Z"
    }
},
{
    "model": "app.product",
    "pk": 4,
    "fields": {
        "category": 1,
        "name": "HP Laptop 15 - Intel Pentium- 1TB Hard Drive - 8GB RAM - Windows 10 - 10th Gen-Silver",
        "slug": "hp-laptop-15-intel-pentium-1tb-hard-drive-8gb-ram-windows-10-10th-gen-silver",
        "image": "product/2022/09/09/204979_1658917593.webp",
        "description": "Lorem ipsum dolor sit amet, consectetur adipiscing elit. Proin lobortis mollis mauris, vitae commodo arcu dictum ut. Donec vel risus viverra elit faucibus scelerisque. In hac habitasse platea dictumst. Phasellus lobortis a velit ac posuere. Nunc nisl lorem, laoreet blandit nibh ac, maximus efficitur magna. Donec at consectetur dui, eget tincidunt urna. Vivamus consequat ornare metus sit amet congue. Maecenas erat nisi, bibendum vel porttitor quis, posuere quis nulla. Integer lobortis fermentum dictum. Vestibulum malesuada sollicitudin nibh, eget gravida est tincidunt sed. Ut ac elit vitae arcu condimentum consectetur. Donec tincidunt pharetra augue, ac hendrerit nisi sollicitudin vel.",
        "price": "200.00",
        "available": true,
        "deals": false,
        "old_price": null,
        "created": "2022-09-09T10:42:35.355Z",
        "updated": "2022-09-09T10:42:35.355Z"
    }
},
{
    "model": "app.product",
    "pk": 5,
    "fields": {
        "category": 2,
        "name": "Blue Long sleeve shirt",
        "slug": "blue-long-sleeve-shirt",
        "image": "product/2022/10/03/image_82edb003-d176-4fb9-b61e-3e1a1b24ecc3_590x.jpeg",
        "description": "Lorem ipsum dolor sit amet, consectetur adipiscing elit. Proin lobortis mollis mauris, vitae commodo arcu dictum ut. Donec vel risus viverra elit faucibus scelerisque. In hac habitasse platea dictumst. Phasellus lobortis a velit ac posuere. Nunc nisl lorem, laoreet blandit nibh ac, maximus efficitur magna. Donec at consectetur dui, eget tincidunt urna. Vivamus consequat ornare metus sit amet congue. Maecenas erat nisi, bibendum vel porttitor quis, posuere quis nulla. Integer lobortis fermentum dictum. Vestibulum malesuada sollicitudin nibh, eget gravida est tincidunt sed. Ut ac elit vitae arcu condimentum consectetur. Donec tincidunt pharetra augue, ac hendrerit nisi sollicitudin vel.",
        "price": "30.00",
        "available": true,
        "deals": false,
        "old_price": null,
        "created": "2022-10-03T19:48:45.853Z",
        "updated": "2022-10-03T19:49:23.250Z"
    }
},
{
    "model": "app.product",
    "pk": 6,
    "fields": {
        "category": 2,
        "name": "Men's Yellow Hoodie",
        "slug": "mens-yellow-hoodie",
        "image": "product/2022/10/03/121271_1611814481.webp",
        "description": "Lorem ipsum dolor sit amet, consectetur adipiscing elit. Proin lobortis mollis mauris, vitae commodo arcu dictum ut. Donec vel risus viverra elit faucibus scelerisque. In hac habitasse platea dictumst. Phasellus lobortis a velit ac posuere. Nunc nisl lorem, laoreet blandit nibh ac, maximus efficitur magna. Donec at consectetur dui, eget tincidunt urna. Vivamus consequat ornare metus sit amet congue. Maecenas erat nisi, bibendum vel porttitor quis, posuere quis nulla. Integer lobortis fermentum dictum. Vestibulum malesuada sollicitudin nibh, eget gravida est tincidunt sed. Ut ac elit vitae arcu condimentum consectetur. Donec tincidunt pharetra augue, ac hendrerit nisi sollicitudin vel.",
        "price": "25.00",
        "available": false,
        "deals": true,
        "old_price": "30.00",
        "created": "2022-10-03T19:56:12.846Z",
        "updated": "2022-10-07T14:20:58.993Z"
    }
},
{
    "model": "app.product",
    "pk": 7,
    "fields": {
        "category": 2,
        "name": "Men's Stripe Design Long Sleeve Shirt",
        "slug": "mens-stripe-design-long-sleeve-shirt",
        "image": "product/2022/10/03/144458_1650642087.webp",
        "description": "Lorem ipsum dolor sit amet, consectetur adipiscing elit. Proin lobortis mollis mauris, vitae commodo arcu dictum ut. Donec vel risus viverra elit faucibus scelerisque. In hac habitasse platea dictumst. Phasellus lobortis a velit ac posuere. Nunc nisl lorem, laoreet blandit nibh ac, maximus efficitur magna. Donec at consectetur dui, eget tincidunt urna. Vivamus consequat ornare metus sit amet congue. Maecenas erat nisi, bibendum vel porttitor quis, posuere quis nulla. Integer lobortis fermentum dictum. Vestibulum malesuada sollicitudin nibh, eget gravida est tincidunt sed. Ut ac elit vitae arcu condimentum consectetur. Donec tincidunt pharetra augue, ac hendrerit nisi sollicitudin vel.",
        "price": "22.00",
        "available": false,
        "deals": true,
        "old_price": "25.90",
        "created": "2022-10-03T19:57:50.231Z",
        "updated": "2022-10-07T14:20:58.971Z"
    }
},
{
    "model": "app.product",
    "pk": 8,
    "fields": {
        "category": 4,
        "name": "Infinix Hot 12 Play - 6.82\" - 64GB ROM - 4GB RAM - Dual SIM - 4G LTE - Fingerprint - 6000mAh - Green",
        "slug": "infinix-hot-12-play-682-64gb-rom-4gb-ram-dual-sim-4g-lte-fingerprint-6000mah-green",
        "image": "product/2022/10/03/67343_1652697376.webp",
        "description": "Lorem ipsum dolor sit amet, consectetur adipiscing elit. Proin lobortis mollis mauris, vitae commodo arcu dictum ut. Donec vel risus viverra elit faucibus scelerisque. In hac habitasse platea dictumst. Phasellus lobortis a velit ac posuere. Nunc nisl lorem, laoreet blandit nibh ac, maximus efficitur magna. Donec at consectetur dui, eget tincidunt urna. Vivamus consequat ornare metus sit amet congue. Maecenas erat nisi, bibendum vel porttitor quis, posuere quis nulla. Integer lobortis fermentum dictum. Vestibulum malesuada sollicitudin nibh, eget gravida est tincidunt sed. Ut ac elit vitae arcu condimentum consectetur. Donec tincidunt pharetra augue, ac hendrerit nisi sollicitudin vel.",
        "price": "158.05",
        "available": true,
        "deals": false,
        "old_price": null,
        "created": "2022-10-03T19:59:26.477Z",
        "updated": "2022-10-07T14:45:36.530Z"
    }
},
{
    "model": "app.product",
    "pk": 9,
    "fields": {
        "category": 4,
        "name": "Xiaomi Redmi 10 - 6.5\" - 64GB ROM - 4GB RAM - 50MP - Dual Sim - 4G LTE - 5000mAh - Fingerprint - Blue",
        "slug": "xiaomi-redmi-10-65-64gb-rom-4gb-ram-50mp-dual-sim-4g-lte-5000mah-fingerprint-blue",
        "image": "product/2022/10/03/174909_1633447840.webp",
        "description": "Lorem ipsum dolor sit amet, consectetur adipiscing elit. Proin lobortis mollis mauris, vitae commodo arcu dictum ut. Donec vel risus viverra elit faucibus scelerisque. In hac habitasse platea dictumst. Phasellus lobortis a velit ac posuere. Nunc nisl lorem, laoreet blandit nibh ac, maximus efficitur magna. Donec at consectetur dui, eget tincidunt urna. Vivamus consequat ornare metus sit amet congue. Maecenas erat nisi, bibendum vel porttitor quis, posuere quis nulla. Integer lobortis fermentum dictum. Vestibulum malesuada sollicitudin nibh, eget gravida est tincidunt sed. Ut ac elit vitae arcu condimentum consectetur. Donec tincidunt pharetra augue, ac hendrerit nisi sollicitudin vel.",
        "price": "179.00",
        "available": true,
        "deals": false,
        "old_price": null,
        "created": "2022-10-03T20:00:57.297Z",
        "updated": "2022-10-03T20:00:57.297Z"
    }
},
{
    "model": "app.product",
    "pk": 10,
    "fields": {
        "category": 4,
        "name": "Apple iPhone 13 Pro Max - 256GB ROM - 6GB RAM - 5g - Graphite",
        "slug": "apple-iphone-13-pro-max-256gb-rom-6gb-ram-5g-graphite",
        "image": "product/2022/10/03/2054_1635525181.webp",
        "description": "Lorem ipsum dolor sit amet, consectetur adipiscing elit. Proin lobortis mollis mauris, vitae commodo arcu dictum ut. Donec vel risus viverra elit faucibus scelerisque. In hac habitasse platea dictumst. Phasellus lobortis a velit ac posuere. Nunc nisl lorem, laoreet blandit nibh ac, maximus efficitur magna. Donec at consectetur dui, eget tincidunt urna. Vivamus consequat ornare metus sit amet congue. Maecenas erat nisi, bibendum vel porttitor quis, posuere quis nulla. Integer lobortis fermentum dictum. Vestibulum malesuada sollicitudin nibh, eget gravida est tincidunt sed. Ut ac elit vitae arcu condimentum consectetur. Donec tincidunt pharetra augue, ac hendrerit nisi sollicitudin vel.",
        "price": "1486.00",
        "available": true,
        "deals": false,
        "old_price": null,
        "created": "2022-10-03T20:02:45.763Z",
        "updated": "2022-10-03T20:02:45.764Z"
    }
},
{
    "model": "app.product",
    "pk": 11,
    "fields": {
        "category": 3,
        "name": "Boy's Luca Sneaker",
        "slug": "boys-luca-sneaker",
        "image": "product/2022/10/03/XRW982K_WHITE_QUARTER_700x.webp",
        "description": "Lorem ipsum dolor sit amet, consectetur adipiscing elit. Proin lobortis mollis mauris, vitae commodo arcu dictum ut. Donec vel risus viverra elit faucibus scelerisque. In hac habitasse platea dictumst. Phasellus lobortis a velit ac posuere. Nunc nisl lorem, laoreet blandit nibh ac, maximus efficitur magna. Donec at consectetur dui, eget tincidunt urna. Vivamus consequat ornare metus sit amet congue. Maecenas erat nisi, bibendum vel porttitor quis, posuere quis nulla. Integer lobortis fermentum dictum. Vestibulum malesuada sollicitudin nibh, eget gravida est tincidunt sed. Ut ac elit vitae arcu condimentum consectetur. Donec tincidunt pharetra augue, ac hendrerit nisi sollicitudin vel.",
        "price": "36.00",
        "available": false,
        "deals": true,
        "old_price": "45.00",
        "created": "2022-10-03T20:14:42.131Z",
        "updated": "2022-10-07T14:20:58.879Z"
    }
},
{
    "model": "app.product",
    "pk": 12,
    "fields": {
        "category": 3,
        "name": "Men's Loafers Dress Shoes-White/Black",
        "slug": "mens-loafers-dress-shoes-whiteblack",
        "image": "product/2022/10/03/1.webp",
        "description": "Lorem ipsum dolor sit amet, consectetur adipiscing elit. Proin lobortis mollis mauris, vitae commodo arcu dictum ut. Donec vel risus viverra elit faucibus scelerisque. In hac habitasse platea dictumst. Phasellus lobortis a velit ac posuere. Nunc nisl lorem, laoreet blandit nibh ac, maximus efficitur magna. Donec at consectetur dui, eget tincidunt urna. Vivamus consequat ornare metus sit amet congue. Maecenas erat nisi, bibendum vel porttitor quis, posuere quis nulla. Integer lobortis fermentum dictum. Vestibulum malesuada sollicitudin nibh, eget gravida est tincidunt sed. Ut ac elit vitae arcu condimentum consectetur. Donec tincidunt pharetra augue, ac hendrerit nisi sollicitudin vel.",
        "price": "15.00",
        "available": true,
        "deals": false,
        "old_price": null,
        "created": "2022-10-03T20:23:28.416Z",
        "updated": "2022-10-03T20:23:28.417Z"
    }
},
{
    "model": "app.product",
    "pk": 13,
    "fields": {
        "category": 3,
        "name": "Men Fashion Boots Pointed Leather Formal Business Soft Gold",
        "slug": "men-fashion-boots-pointed-leather-formal-business-soft-gold",
        "image": "product/2022/10/03/1-1.webp",
        "description": "Lorem ipsum dolor sit amet, consectetur adipiscing elit. Proin lobortis mollis mauris, vitae commodo arcu dictum ut. Donec vel risus viverra elit faucibus scelerisque. In hac habitasse platea dictumst. Phasellus lobortis a velit ac posuere. Nunc nisl lorem, laoreet blandit nibh ac, maximus efficitur magna. Donec at consectetur dui, eget tincidunt urna. Vivamus consequat ornare metus sit amet congue. Maecenas erat nisi, bibendum vel porttitor quis, posuere quis nulla. Integer lobortis fermentum dictum. Vestibulum malesuada sollicitudin nibh, eget gravida est tincidunt sed. Ut ac elit vitae arcu condimentum consectetur. Donec tincidunt pharetra augue, ac hendrerit nisi sollicitudin vel.",
        "price": "58.60",
        "available": true,
        "deals": false,
        "old_price": null,
        "created": "2022-10-03T20:57:34.732Z",
        "updated": "2022-10-03T20:58:23.917Z"
    }
},
{
    "model": "app.product",
    "pk": 14,
    "fields": {
        "category": 4,
        "name": "TECLAST T40PRO Tablet - 8GB + 128GB - 7000 MAh Battery 18W PD - 10.4 Inches",
        "slug": "teclast-t40pro-tablet-8gb-128gb-7000-mah-battery-18w-pd-104-inches",
        "image": "product/2022/10/03/1-2.webp",
        "description": "Lorem ipsum dolor sit amet, consectetur adipiscing elit. Proin lobortis mollis mauris, vitae commodo arcu dictum ut. Donec vel risus viverra elit faucibus scelerisque. In hac habitasse platea dictumst. Phasellus lobortis a velit ac posuere. Nunc nisl lorem, laoreet blandit nibh ac, maximus efficitur magna. Donec at consectetur dui, eget tincidunt urna. Vivamus consequat ornare metus sit amet congue. Maecenas erat nisi, bibendum vel porttitor quis, posuere quis nulla. Integer lobortis fermentum dictum. Vestibulum malesuada sollicitudin nibh, eget gravida est tincidunt sed. Ut ac elit vitae arcu condimentum consectetur. Donec tincidunt pharetra augue, ac hendrerit nisi sollicitudin vel.",
        "price": "169.80",
        "available": true,
        "deals": false,
        "old_price": null,
        "created": "2022-10-03T21:01:18.700Z",
        "updated": "2022-10-03T21:01:18.700Z"
    }
},
{
    "model": "app.product",
    "pk": 15,
    "fields": {
        "category": 1,
        "name": "Canon Pixma TS3440 AIO Wireless Printer Print, Scan & Copy - Black",
        "slug": "canon-pixma-ts3440-aio-wireless-printer-print-scan-copy-black",
        "image": "product/2022/10/03/1-3.webp",
        "description": "Lorem ipsum dolor sit amet, consectetur adipiscing elit. Proin lobortis mollis mauris, vitae commodo arcu dictum ut. Donec vel risus viverra elit faucibus scelerisque. In hac habitasse platea dictumst. Phasellus lobortis a velit ac posuere. Nunc nisl lorem, laoreet blandit nibh ac, maximus efficitur magna. Donec at consectetur dui, eget tincidunt urna. Vivamus consequat ornare metus sit amet congue. Maecenas erat nisi, bibendum vel porttitor quis, posuere quis nulla. Integer lobortis fermentum dictum. Vestibulum malesuada sollicitudin nibh, eget gravida est tincidunt sed. Ut ac elit vitae arcu condimentum consectetur. Donec tincidunt pharetra augue, ac hendrerit nisi sollicitudin vel.",
        "price": "79.03",
        "available": true,
        "deals": false,
        "old_price": null,
        "created": "2022-10-03T21:03:40.324Z",
        "updated": "2022-10-03T21:03:40.324Z"
    }
},
{
    "model": "app.product",
    "pk": 16,
    "fields": {
        "category": 1,
        "name": "58mm Wireless Mini Portable Thermal Printer",
        "slug": "58mm-wireless-mini-portable-thermal-printer",
        "image": "product/2022/10/03/1-4.webp",
        "description": "Lorem ipsum dolor sit amet, consectetur adipiscing elit. Proin lobortis mollis mauris, vitae commodo arcu dictum ut. Donec vel risus viverra elit faucibus scelerisque. In hac habitasse platea dictumst. Phasellus lobortis a velit ac posuere. Nunc nisl lorem, laoreet blandit nibh ac, maximus efficitur magna. Donec at consectetur dui, eget tincidunt urna. Vivamus consequat ornare metus sit amet congue. Maecenas erat nisi, bibendum vel porttitor quis, posuere quis nulla. Integer lobortis fermentum dictum. Vestibulum malesuada sollicitudin nibh, eget gravida est tincidunt sed. Ut ac elit vitae arcu condimentum consectetur. Donec tincidunt pharetra augue, ac hendrerit nisi sollicitudin vel.",
        "price": "56.00",
        "available": false,
        "deals": true,
        "old_price": "60.00",
        "created": "2022-10-03T21:05:21.264Z",
        "updated": "2022-10-07T14:20:58.809Z"
    }
},
{
    "model": "app.product",
    "pk": 17,
    "fields": {
        "category": 5,
        "name": "French fries",
        "slug": "french-fries",
        "image": "product/2022/10/03/images-1.webp",
        "description": "Lorem ipsum dolor sit amet, consectetur adipiscing elit. Proin lobortis mollis mauris, vitae commodo arcu dictum ut. Donec vel risus viverra elit faucibus scelerisque. In hac habitasse platea dictumst. Phasellus lobortis a velit ac posuere. Nunc nisl lorem, laoreet blandit nibh ac, maximus efficitur magna. Donec at consectetur dui, eget tincidunt urna. Vivamus consequat ornare metus sit amet congue. Maecenas erat nisi, bibendum vel porttitor quis, posuere quis nulla. Integer lobortis fermentum dictum. Vestibulum malesuada sollicitudin nibh, eget gravida est tincidunt sed. Ut ac elit vitae arcu condimentum consectetur. Donec tincidunt pharetra augue, ac hendrerit nisi sollicitudin vel.",
        "price": "10.00",
        "available": true,
        "deals": false,
        "old_price": null,
        "created": "2022-10-03T21:09:05.508Z",
        "updated": "2022-10-03T21:09:05.509Z"
    }
},
{
    "model": "app.product",
    "pk": 18,
    "fields": {
        "category": 3,
        "name": "Men's Large Size Business Casual Formal Shoes- Black/ Blue",
        "slug": "mens-large-size-business-casual-formal-shoes-black-blue",
        "image": "product/2022/10/07/2.webp",
        "description": "Lorem ipsum dolor sit amet, consectetur adipiscing elit. Proin lobortis mollis mauris, vitae commodo arcu dictum ut. Donec vel risus viverra elit faucibus scelerisque. In hac habitasse platea dictumst. Phasellus lobortis a velit ac posuere. Nunc nisl lorem, laoreet blandit nibh ac, maximus efficitur magna. Donec at consectetur dui, eget tincidunt urna. Vivamus consequat ornare metus sit amet congue. Maecenas erat nisi, bibendum vel porttitor quis, posuere quis nulla. Integer lobortis fermentum dictum. Vestibulum malesuada sollicitudin nibh, eget gravida est tincidunt sed. Ut ac elit vitae arcu condimentum consectetur. Donec tincidunt pharetra augue, ac hendrerit nisi sollicitudin vel.",
        "price": "15.00",
        "available": true,
        "deals": false,
        "old_price": null,
        "created": "2022-10-07T14:18:28.151Z",
        "updated": "2022-10-07T14:18:28.151Z"
    }
},
{
    "model": "app.product",
    "pk": 19,
    "fields": {
        "category": 1,
        "name": "Telenet Latest 4G LTE SuperFast Mobile WiFi For All Networks",
        "slug": "telenet-latest-4g-lte-superfast-mobile-wifi-for-all-networks",
        "image": "product/2022/10/07/1-5.webp",
        "description": "Lorem ipsum dolor sit amet, consectetur adipiscing elit. Proin lobortis mollis mauris, vitae commodo arcu dictum ut. Donec vel risus viverra elit faucibus scelerisque. In hac habitasse platea dictumst. Phasellus lobortis a velit ac posuere. Nunc nisl lorem, laoreet blandit nibh ac, maximus efficitur magna. Donec at consectetur dui, eget tincidunt urna. Vivamus consequat ornare metus sit amet congue. Maecenas erat nisi, bibendum vel porttitor quis, posuere quis nulla. Integer lobortis fermentum dictum. Vestibulum malesuada sollicitudin nibh, eget gravida est tincidunt sed. Ut ac elit vitae arcu condimentum consectetur. Donec tincidunt pharetra augue, ac hendrerit nisi sollicitudin vel.",
        "price": "23.02",
        "available": true,
        "deals": false,
        "old_price": null,
        "created": "2022-10-07T14:22:55.523Z",
        "updated": "2022-10-07T14:50:49.943Z"
    }
},
{
    "model": "app.product",
    "pk": 20,
    "fields": {
        "category": 1,
        "name": "Hp Notebook 14 - INTEL CORE I5 - 16GB RAM -1TB HDD - Windows 10 PRO +Free Mouse",
        "slug": "hp-notebook-14-intel-core-i5-16gb-ram-1tb-hdd-windows-10-pro-free-mous",
        "image": "product/2022/10/07/2-1.webp",
        "description": "Lorem ipsum dolor sit amet, consectetur adipiscing elit. Proin lobortis mollis mauris, vitae commodo arcu dictum ut. Donec vel risus viverra elit faucibus scelerisque. In hac habitasse platea dictumst. Phasellus lobortis a velit ac posuere. Nunc nisl lorem, laoreet blandit nibh ac, maximus efficitur magna. Donec at consectetur dui, eget tincidunt urna. Vivamus consequat ornare metus sit amet congue. Maecenas erat nisi, bibendum vel porttitor quis, posuere quis nulla. Integer lobortis fermentum dictum. Vestibulum malesuada sollicitudin nibh, eget gravida est tincidunt sed. Ut ac elit vitae arcu condimentum consectetur. Donec tincidunt pharetra augue, ac hendrerit nisi sollicitudin vel.",
        "price": "340.50",
        "available": true,
        "deals": false,
        "old_price": null,
        "created": "2022-10-07T14:33:15.569Z",
        "updated": "2022-10-07T14:33:15.569Z"
    }
},
{
    "model": "app.product",
    "pk": 21,
    "fields": {
        "category": 2,
        "name": "Danami Black Bold & Beautiful Hoodie- Dark Grey",
        "slug": "danami-black-bold-beautiful-hoodie-dark-grey",
        "image": "product/2022/10/07/1-6.webp",
        "description": "Lorem ipsum dolor sit amet, consectetur adipiscing elit. Proin lobortis mollis mauris, vitae commodo arcu dictum ut. Donec vel risus viverra elit faucibus scelerisque. In hac habitasse platea dictumst. Phasellus lobortis a velit ac posuere. Nunc nisl lorem, laoreet blandit nibh ac, maximus efficitur magna. Donec at consectetur dui, eget tincidunt urna. Vivamus consequat ornare metus sit amet congue. Maecenas erat nisi, bibendum vel porttitor quis, posuere quis nulla. Integer lobortis fermentum dictum. Vestibulum malesuada sollicitudin nibh, eget gravida est tincidunt sed. Ut ac elit vitae arcu condimentum consectetur. Donec tincidunt pharetra augue, ac hendrerit nisi sollicitudin vel.",
        "price": "10.50",
        "available": false,
        "deals": true,
        "old_price": "12.90",
        "created": "2022-10-07T14:37:16.969Z",
        "updated": "2022-10-07T14:45:02.158Z"
    }
},
{
    "model": "app.product",
    "pk": 22,
    "fields": {
        "category": 3,
        "name": "Adidas CORE SNEAKERS ULTIMASHOW",
        "slug": "adidas-core-sneakers-ultimashow",
        "image": "product/2022/10/07/1-7.webp",
        "description": "Lorem ipsum dolor sit amet, consectetur adipiscing elit. Proin lobortis mollis mauris, vitae commodo arcu dictum ut. Donec vel risus viverra elit faucibus scelerisque. In hac habitasse platea dictumst. Phasellus lobortis a velit ac posuere. Nunc nisl lorem, laoreet blandit nibh ac, maximus efficitur magna. Donec at consectetur dui, eget tincidunt urna. Vivamus consequat ornare metus sit amet congue. Maecenas erat nisi, bibendum vel porttitor quis, posuere quis nulla. Integer lobortis fermentum dictum. Vestibulum malesuada sollicitudin nibh, eget gravida est tincidunt sed. Ut ac elit vitae arcu condimentum consectetur. Donec tincidunt pharetra augue, ac hendrerit nisi sollicitudin vel.",
        "price": "35.10",
        "available": false,
        "deals": true,
        "old_price": "40.00",
        "created": "2022-10-07T14:43:00.864Z",
        "updated": "2022-10-07T14:46:12.110Z"
    }
},
{
    "model": "app.newsletter",
    "pk": 17,
    "fields": {
        "email": "ferdinandchidera49@gmail.com"
    }
},
{
    "model": "app.newsletter",
    "pk": 18,
    "fields": {
        "email": "07065175723ferdinand@gmail.com"
    }
},
{
    "model": "users.customuser",
    "fields": {
        "password": "md5$pmMvL12wukjD3oSGywCtKc$23654429db9a8102b48dc2b063afc069",
        "last_login": "2022-10-14T18:47:19.964Z",
        "is_superuser": true,
        "first_name": "Ferdinand",
        "last_name": "Udemgba",
        "is_staff": true,
        "is_active": true,
        "date_joined": "2022-09-08T22:08:48.517Z",
        "email": "ferdmediagroups@gmail.com",
        "groups": [],
        "user_permissions": []
    }
},
{
    "model": "users.customuser",
    "fields": {
        "password": "md5$Ox6UA4AtAxGOokWFuMIq4I$27f168438e7b1877634efd1418dfb4d0",
        "last_login": "2022-10-16T00:51:17.959Z",
        "is_superuser": false,
        "first_name": "Tim",
        "last_name": "Okonkwo",
        "is_staff": false,
        "is_active": true,
        "date_joined": "2022-10-16T00:29:03.154Z",
        "email": "cf.udemgba@stu.unizik.edu.ng",
        "groups": [],
        "user_permissions": []
    }
},
{
    "model": "coupon.coupon",
    "pk": 1,
    "fields": {
        "code": "SUMMER",
        "used": 1,
        "valid_from": "2022-09-30T22:42:00Z",
        "valid_to": "2022-10-10T22:42:00Z",
        "discount": 20,
        "active": true
    }
},
{
    "model": "account.customer",
    "pk": 3,
    "fields": {
        "user": [
            "ferdmediagroups@gmail.com"
        ],
        "address": "No.1 okochi road,okpuno orumili junc.,Unizik junction awka.",
        "postal_code": "420109",
        "country": "NG",
        "state": "Anambra",
        "city": "Awka",
        "phone_number": "+2348118185345",
        "created": "2022-09-20T21:04:36.410Z",
        "updated": "2022-10-15T22:57:15.197Z",
        "paid": false
    }
},
{
    "model": "dashboard.userdashboardmodule",
    "pk": 1,
    "fields": {
        "title": "Quick links",
        "module": "jet.dashboard.modules.LinkList",
        "app_label": null,
        "user": [
            "ferdmediagroups@gmail.com"
        ],
        "column": 0,
        "order": 0,
        "settings": "{\"draggable\": false, \"deletable\": false, \"collapsible\": false, \"layout\": \"inline\"}",
        "children": "[{\"title\": \"Return to site\", \"url\": \"/\"}, {\"title\": \"Change password\", \"url\": \"/admin/password_change/\"}, {\"title\": \"Log out\", \"url\": \"/admin/logout/\"}]",
        "collapsed": false
    }
},
{
    "model": "dashboard.userdashboardmodule",
    "pk": 2,
    "fields": {
        "title": "Applications",
        "module": "jet.dashboard.modules.AppList",
        "app_label": null,
        "user": [
            "ferdmediagroups@gmail.com"
        ],
        "column": 1,
        "order": 0,
        "settings": "{\"models\": null, \"exclude\": [\"auth.*\"]}",
        "children": "",
        "collapsed": false
    }
},
{
    "model": "dashboard.userdashboardmodule",
    "pk": 3,
    "fields": {
        "title": "Administration",
        "module": "jet.dashboard.modules.AppList",
        "app_label": null,
        "user": [
            "ferdmediagroups@gmail.com"
        ],
        "column": 2,
        "order": 0,
        "settings": "{\"models\": [\"auth.*\"], \"exclude\": null}",
        "children": "",
        "collapsed": false
    }
},
{
    "model": "dashboard.userdashboardmodule",
    "pk": 5,
    "fields": {
        "title": "Latest Django News",
        "module": "jet.dashboard.modules.Feed",
        "app_label": null,
        "user": [
            "ferdmediagroups@gmail.com"
        ],
        "column": 1,
        "order": 1,
        "settings": "{\"feed_url\": \"http://www.djangoproject.com/rss/weblog/\", \"limit\": 5}",
        "children": "",
        "collapsed": false
    }
},
{
    "model": "dashboard.userdashboardmodule",
    "pk": 6,
    "fields": {
        "title": "Support",
        "module": "jet.dashboard.modules.LinkList",
        "app_label": null,
        "user": [
            "ferdmediagroups@gmail.com"
        ],
        "column": 2,
        "order": 1,
        "settings": "{\"draggable\": true, \"deletable\": true, \"collapsible\": true, \"layout\": \"stacked\"}",
        "children": "[{\"title\": \"Django documentation\", \"url\": \"http://docs.djangoproject.com/\", \"external\": true}, {\"title\": \"Django \\\"django-users\\\" mailing list\", \"url\": \"http://groups.google.com/group/django-users\", \"external\": true}, {\"title\": \"Django irc channel\", \"url\": \"irc://irc.freenode.net/django\", \"external\": true}]",
        "collapsed": false
    }
},
{
    "model": "dashboard.userdashboardmodule",
    "pk": 7,
    "fields": {
        "title": "Application models",
        "module": "jet.dashboard.modules.ModelList",
        "app_label": "account",
        "user": [
            "ferdmediagroups@gmail.com"
        ],
        "column": 0,
        "order": 0,
        "settings": "{\"models\": [\"account.*\"], \"exclude\": null}",
        "children": "",
        "collapsed": false
    }
},
{
    "model": "dashboard.userdashboardmodule",
    "pk": 8,
    "fields": {
        "title": "Recent Actions",
        "module": "jet.dashboard.modules.RecentActions",
        "app_label": "account",
        "user": [
            "ferdmediagroups@gmail.com"
        ],
        "column": 1,
        "order": 0,
        "settings": "{\"limit\": 10, \"include_list\": [\"account.*\"], \"exclude_list\": null, \"user\": null}",
        "children": "",
        "collapsed": false
    }
},
{
    "model": "dashboard.userdashboardmodule",
    "pk": 9,
    "fields": {
        "title": "Application models",
        "module": "jet.dashboard.modules.ModelList",
        "app_label": "users",
        "user": [
            "ferdmediagroups@gmail.com"
        ],
        "column": 0,
        "order": 0,
        "settings": "{\"models\": [\"users.*\"], \"exclude\": null}",
        "children": "",
        "collapsed": false
    }
},
{
    "model": "dashboard.userdashboardmodule",
    "pk": 10,
    "fields": {
        "title": "Recent Actions",
        "module": "jet.dashboard.modules.RecentActions",
        "app_label": "users",
        "user": [
            "ferdmediagroups@gmail.com"
        ],
        "column": 1,
        "order": 0,
        "settings": "{\"limit\": 10, \"include_list\": [\"users.*\"], \"exclude_list\": null, \"user\": null}",
        "children": "",
        "collapsed": false
    }
},
{
    "model": "dashboard.userdashboardmodule",
    "pk": 11,
    "fields": {
        "title": "Application models",
        "module": "jet.dashboard.modules.ModelList",
        "app_label": "app",
        "user": [
            "ferdmediagroups@gmail.com"
        ],
        "column": 0,
        "order": 0,
        "settings": "{\"models\": [\"app.*\"], \"exclude\": null}",
        "children": "",
        "collapsed": false
    }
},
{
    "model": "dashboard.userdashboardmodule",
    "pk": 12,
    "fields": {
        "title": "Recent Actions",
        "module": "jet.dashboard.modules.RecentActions",
        "app_label": "app",
        "user": [
            "ferdmediagroups@gmail.com"
        ],
        "column": 1,
        "order": 0,
        "settings": "{\"limit\": 10, \"include_list\": [\"app.*\"], \"exclude_list\": null, \"user\": null}",
        "children": "",
        "collapsed": false
    }
},
{
    "model": "dashboard.userdashboardmodule",
    "pk": 13,
    "fields": {
        "title": "Application models",
        "module": "jet.dashboard.modules.ModelList",
        "app_label": "coupon",
        "user": [
            "ferdmediagroups@gmail.com"
        ],
        "column": 0,
        "order": 0,
        "settings": "{\"models\": [\"coupon.*\"], \"exclude\": null}",
        "children": "",
        "collapsed": false
    }
},
{
    "model": "dashboard.userdashboardmodule",
    "pk": 14,
    "fields": {
        "title": "Recent Actions",
        "module": "jet.dashboard.modules.RecentActions",
        "app_label": "coupon",
        "user": [
            "ferdmediagroups@gmail.com"
        ],
        "column": 1,
        "order": 0,
        "settings": "{\"limit\": 10, \"include_list\": [\"coupon.*\"], \"exclude_list\": null, \"user\": null}",
        "children": "",
        "collapsed": false
    }
}
]
